Наименование,Описание,Рубрики,Адрес,Комментарий к адресу,Почтовый индекс,Микрорайон,Район,Город,Округ,Регион,Страна,Часы работы,Часовой пояс,Рейтинг,Количество отзывов,Телефон 1,Телефон 2,Телефон 3,E-mail 1,E-mail 2,Веб-сайт 1,Веб-сайт 2,Instagram,Facebook,ВКонтакте,WhatsApp 1,WhatsApp 2,WhatsApp 3,Viber,Telegram,YouTube,Широта,Долгота,2GIS URL,Тип
Яркий мир,,Мебель на заказ; Мебель для кухни; Корпусная мебель,"проспект Азаттык, 46",,,,,Атырау,Атырау городская администрация,Атырауская область,Казахстан,"Пн: 09:30-13:00, 14:00-18:30; Вт: 09:30-13:00, 14:00-18:30; Ср: 09:30-13:00, 14:00-18:30; Чт: 09:30-13:00, 14:00-18:30; Пт: 09:30-13:00, 14:00-18:30; Сб: 09:30-16:00",+05:00,5.0,5,87715221500,,,,,http://www.nammebel.kz,,https://instagram.com/nammebel.kz,,,https://wa.me/77715221500,,,,,,47.097367,51.923642,https://2gis.com/firm/70000001034786650,branch
Версаль,мебельный салон,Мебель на заказ; Корпусная мебель; Мебель для кухни; Мягкая мебель; Мебельные магазины; Детская мебель; Ковры; Матрасы; Ортопедические товары; Офисная мебель; Плетёные изделия; Сувениры,"улица Латиф Хамиди, 5",2 этаж,,Атырау м-н,,Атырау,Атырау городская администрация,Атырауская область,Казахстан,Пн: 10:00-19:00; Вт: 10:00-19:00; Ср: 10:00-19:00; Чт: 10:00-19:00; Пт: 10:00-19:00; Сб: 10:00-19:00; Вс: 10:00-19:00,+05:00,4.9,25,87019037712,87059543948,,,,,,https://instagram.com/versal_mebel_atyrau,,,https://wa.me/77059543948,https://wa.me/77019037712,,,,,47.14134,51.896306,https://2gis.com/firm/70000001035677520,branch
Tekled Каспий Свет,магазин электротоваров и металлической мебели,Мебель на заказ; Электроустановочная продукция; Электротехника; Светотехника; Кабель / Провод; Электронные компоненты; Детская мебель; Офисная мебель; Садово-парковая мебель,"улица Курмангазы, 46",2-3 этаж,,Жеруйык м-н,,Атырау,Атырау городская администрация,Атырауская область,Казахстан,Пн: 09:00-18:00; Вт: 09:00-18:00; Ср: 09:00-18:00; Чт: 09:00-18:00; Пт: 09:00-18:00; Сб: 10:00-18:00; Вс: 10:00-17:00,+05:00,4.1,94,87027414950,87717182583,87717182686,atyrau@teksan.biz,,http://www.tekledgroup.com/kk/,http://kaspisvet.2gis.biz/,https://instagram.com/tekled.atyrau,,,https://wa.me/77027414950,https://wa.me/77715065660,,,,,47.110003,51.885085,https://2gis.com/firm/70000001034885147,branch
Haitekmebel,компания по заказу мебели,Мебель на заказ; Мягкая мебель; Детская мебель; Мебель для кухни; Мебельные магазины,"улица Абая, 26/2",,,,,Атырау,Атырау городская администрация,Атырауская область,Казахстан,Пн: 10:00-18:30; Вт: 10:00-18:30; Ср: 10:00-18:30; Чт: 10:00-18:30; Пт: 10:00-18:30; Сб: 10:00-18:30; Вс: 10:00-18:30,+05:00,5.0,3,87064097125,,,,,,,https://instagram.com/haitekmebel,,,https://wa.me/77064097125,,,,,,47.10426,51.934228,https://2gis.com/firm/70000001097163729,branch
MEBEL_SKLAD_ATYRAU,,Мебель на заказ; Мягкая мебель; Мебельные магазины; Корпусная мебель; Матрасы,,,,,,,Атырау городская администрация,Атырауская область,Казахстан,Пн: 08:00-22:00; Вт: 08:00-22:00; Ср: 08:00-22:00; Чт: 08:00-22:00; Пт: 08:00-22:00; Сб: 08:00-22:00; Вс: 08:00-22:00,+05:00,5.0,10,87784949702,,,,,,,https://instagram.com/mebel_sklad_atyrau,,,https://wa.me/77784949702,,,,,,47.028335,51.906331,https://2gis.com/firm/70000001075864420,branch
Evita,магазин кухонной мебели,Мебель на заказ; Мебель для кухни; Корпусная мебель; Мебельные магазины; Бытовая техника; Мебель для ванных комнат,"Георгия Канцева улица, 1",13 бутик; 1 этаж,,,,Атырау,Атырау городская администрация,Атырауская область,Казахстан,Пн: 10:00-19:00; Вт: 10:00-19:00; Ср: 10:00-19:00; Чт: 10:00-19:00; Пт: 10:00-19:00; Сб: 10:00-19:00; Вс: 10:00-19:00,+05:00,5.0,14,87472992546,87020318236,,evita_atirau@mail.ru,,,,https://instagram.com/kuhni_evita_atyrau,,,https://wa.me/77472992546,https://wa.me/77020318236,,,,,47.107265,51.935112,https://2gis.com/firm/70000001035050619,branch
Алина и К,мебельный салон,Корпусная мебель; Мягкая мебель; Мебель для кухни; Мебельные магазины; Мебель на заказ,"проспект Зейноллы Кабдолова, 1в",,,,,Атырау,Атырау городская администрация,Атырауская область,Казахстан,Пн: 09:00-18:00; Вт: 09:00-18:00; Ср: 09:00-18:00; Чт: 09:00-18:00; Пт: 09:00-18:00; Сб: 09:00-18:00; Вс: 09:00-18:00,+05:00,5.0,10,87759933624,87122241568,,alina_02_2004@mail.ru,,,,https://instagram.com/alinak_kz,,,https://wa.me/77759933624,,,,,,47.083456,51.934028,https://2gis.com/firm/70000001035854828,branch
Центр матрасов Атырау,компания по продаже матрасов и кроватей,Корпусная мебель; Матрасы; Домашний текстиль; Кованые изделия; Ортопедические товары,"улица Сырым Датова, 54",,,,,Атырау,Атырау городская администрация,Атырауская область,Казахстан,Пн: 10:00-19:00; Вт: 10:00-19:00; Ср: 10:00-19:00; Чт: 10:00-19:00; Пт: 10:00-19:00; Сб: 10:00-19:00; Вс: 10:00-19:00,+05:00,0.0,1,7272,,,callcenter@centersna.kz,,http://centermatrasov.kz,,https://instagram.com/centermatrasov,,,https://wa.me/77088887272,,,,,,47.104454,51.944258,https://2gis.com/firm/70000001088773521,branch
SЭT LINE-Салауат,мебельный салон,Мебельные магазины; Корпусная мебель; Мягкая мебель; Мебель для кухни; Матрасы; Детская мебель,"улица Сырым Датова, 171",,,Мясокомбинат м-н,,Атырау,Атырау городская администрация,Атырауская область,Казахстан,Пн: 10:00-19:00; Вт: 10:00-19:00; Ср: 10:00-19:00; Чт: 10:00-19:00; Пт: 10:00-19:00; Сб: 10:00-19:00; Вс: 10:00-19:00,+05:00,4.4,15,87010661414,,,set.line@bk.ru,,http://www.setline.kz,,https://instagram.com/salauat_mebel_atyrau,,,https://wa.me/77010661414,,,,,,47.118261,51.959478,https://2gis.com/firm/70000001046635512,branch
BIRLIK,гипермаркет,Корпусная мебель; Стройматериалы; Сантехника; Входные двери; Межкомнатные двери; Светотехника; Обои; Сейфы; Строительное оборудование; Электроинструмент; Садово-парковая мебель; Керамическая плитка; Сухие строительные смеси; Строительные гипермаркеты; Мягкая мебель; Гидромассажное оборудование; Печи / камины для помещений; Аксессуары для ванных комнат; Детская мебель; Керамогранит; Напольные покрытия; Биотуалеты; Мебель для кухни; Мебель для ванных комнат; Матрасы; Лаки / Краски; Офисная мебель; Пиломатериалы / Лесоматериалы; Звукоизоляционные материалы; Мебель на заказ; Комплектующие для дверей; Крепёж; Кровельные материалы; Огнеупорные материалы; Автоматические двери; Резиновые покрытия; Вторичные стройматериалы; Гидроизоляционные материалы; Кабель / Провод; Малярный инструмент; Ремонт / установка сантехнического оборудования; Садовый инвентарь; Товары для отопления / водоснабжения / канализации; Теплоизоляционные материалы; Мебельные магазины,"трасса Атырау-Доссор, ст104",,,Жулдыз м-н,,Атырау,Атырау городская администрация,Атырауская область,Казахстан,Пн: 10:00-19:00; Вт: 10:00-19:00; Ср: 10:00-19:00; Чт: 10:00-19:00; Пт: 10:00-19:00; Сб: 10:00-19:00; Вс: 10:00-19:00,+05:00,4.8,208,87002275946 (двери и ламинат),,,a.tukeshev@tdb.kz,,http://birlik.2gis.biz/,,https://instagram.com/gipermarket_birlik,https://facebook.com/hypermarketbirlik,,https://wa.me/77777393939,,,,,,47.152954,51.99173,https://2gis.com/firm/70000001035510256,branch
Даяна,мебельный магазин,Мягкая мебель; Корпусная мебель; Матрасы; Детское игровое оборудование; Садово-парковая мебель; Мебельные магазины,"проспект Султана Бейбарыса, 434","2, 3 этаж",,Самал м-н,,Атырау,Атырау городская администрация,Атырауская область,Казахстан,Пн: 10:00-19:00; Вт: 10:00-19:00; Ср: 10:00-19:00; Чт: 10:00-19:00; Пт: 10:00-19:00; Сб: 10:00-19:00; Вс: 10:00-19:00,+05:00,5.0,15,87002841726,,,,,http://dayanamebelatyrau.2gis.biz,,https://instagram.com/dayana_mebel_atyrau,https://facebook.com/DAYANAmebel,,https://wa.me/77002841726,,,,,,47.11953,51.87299,https://2gis.com/firm/70000001060266678,branch
Zlata,компания по изготовлению мебели на заказ,Мебель на заказ; Мебель для кухни; ЛДСП / ДВПО / МДФ; Мебельная фурнитура; Стройматериалы; Распиловка древесины,"проспект Мухтара Ауэзова, 78/4",склад,,,,Атырау,Атырау городская администрация,Атырауская область,Казахстан,"Пн: 09:00-13:00, 14:00-18:00; Вт: 09:00-13:00, 14:00-18:00; Ср: 09:00-13:00, 14:00-18:00; Чт: 09:00-13:00, 14:00-18:00; Пт: 09:00-13:00, 14:00-18:00; Сб: 09:00-16:00",+05:00,4.5,7,87011933231,,,,,,,https://instagram.com/mebel_zlata_atyrau,,,https://wa.me/77011933231,,,,,,47.080371,51.91695,https://2gis.com/firm/70000001068072755,branch
Барыс,торговый дом,Мебель на заказ; Мягкая мебель; Корпусная мебель; Офисная мебель; Мебель для кухни; Мебель для ванных комнат; Холодильное оборудование; Мебель для общественного питания; Матрасы; Сантехника,"улица Сырым Датова, 152",1-3 этаж,,,,Атырау,Атырау городская администрация,Атырауская область,Казахстан,Пн: 10:00-19:00; Вт: 10:00-19:00; Ср: 10:00-19:00; Чт: 10:00-19:00; Пт: 10:00-19:00; Сб: 10:00-19:00; Вс: 10:00-19:00,+05:00,4.9,2,87752557213,87122300939,,,,,,https://instagram.com/mebel_atyrau_barys,,,https://wa.me/77752557213,,,,,,47.112881,51.959937,https://2gis.com/firm/70000001035446251,branch
Алина и К,мебельный салон,Корпусная мебель; Мягкая мебель; Матрасы; Мебельные магазины; Мебель на заказ,"улица Сырым Датова, 58",,,,,Атырау,Атырау городская администрация,Атырауская область,Казахстан,Пн: 09:00-19:00; Вт: 09:00-19:00; Ср: 09:00-19:00; Чт: 09:00-19:00; Пт: 09:00-19:00; Сб: 09:00-19:00; Вс: 09:00-19:00,+05:00,4.3,20,87122520326,87759933624,,alina_02_2004@mail.ru,,,,https://instagram.com/alinak_kz,,,https://wa.me/77759933624,,,,,,47.104841,51.945384,https://2gis.com/firm/70000001035516250,branch
Алина и К,мебельный салон,Корпусная мебель; Мягкая мебель; Детская мебель; Матрасы; Мебель на заказ; Мебель для ванных комнат; Мебель из стекла; ЛДСП / ДВПО / МДФ; Офисная мебель,"улица Каршымбай Ахмедияров, 18",2 этаж,,Балыкши м-н,,Атырау,Атырау городская администрация,Атырауская область,Казахстан,Пн: 10:00-19:00; Вт: 10:00-19:00; Ср: 10:00-19:00; Чт: 10:00-19:00; Пт: 10:00-19:00; Сб: 10:00-19:00; Вс: 10:00-19:00,+05:00,5.0,7,87122241568,,,alina_02_2004@mail.ru,,,,https://instagram.com/alinak_kz,,,https://wa.me/77759933624,,,,,,47.077224,51.879944,https://2gis.com/firm/70000001039260143,branch
Шеф Кухни,студия кухонной мебели,Мебель на заказ; Мебель для кухни,"проспект Султана Бейбарыса, 244",1 этаж,,,,Атырау,Атырау городская администрация,Атырауская область,Казахстан,Пн: 10:00-19:00; Вт: 10:00-19:00; Ср: 10:00-19:00; Чт: 10:00-19:00; Пт: 10:00-19:00; Сб: 10:00-18:00; Вс: 10:00-18:00,+05:00,4.8,9,87015286464,87015287474,,,,http://shefkuhni.kz,,https://instagram.com/shefkuhni_atyrau,,,https://wa.me/77015287474,https://wa.me/77015286464,,,,,47.117828,51.907975,https://2gis.com/firm/70000001052073425,branch
ASEL,студия мебели,Мебель на заказ; Корпусная мебель; Мебель для кухни,"проспект Султана Бейбарыса, 464в",,,Самал-2 м-н,,Атырау,Атырау городская администрация,Атырауская область,Казахстан,Пн: 09:00-19:00; Вт: 09:00-19:00; Ср: 09:00-19:00; Чт: 09:00-19:00; Пт: 09:00-19:00; Сб: 09:00-19:00; Вс: 09:00-19:00,+05:00,4.9,43,87784959556,,,,,http://asel-mebel.kz,,https://instagram.com/atyrau_mebel2015,,,https://wa.me/77784959556,,,,https://t.me/+77784959556,,47.120233,51.85892,https://2gis.com/firm/70000001035251335,branch
Trendy Home,мебельный салон,Мебель на заказ; Корпусная мебель; Межкомнатные двери; Мебель для кухни,"улица Марата Темирханова, 1",,,,,Атырау,Атырау городская администрация,Атырауская область,Казахстан,Пн: 09:00-18:00; Вт: 09:00-18:00; Ср: 09:00-18:00; Чт: 09:00-18:00; Пт: 09:00-18:00; Сб: 09:00-18:00,+05:00,5.0,1,87028919929,,,,,,,https://instagram.com/trendyhome_atyrau,,,https://wa.me/77028919929,,,,,,47.111982,51.926783,https://2gis.com/firm/70000001062849389,branch
Организация по изготовлению мебели на заказ,,Мебель на заказ; Мебельная фурнитура; Корпусная мебель,"улица Юрия Гагарина, 9",,,,,Атырау,Атырау городская администрация,Атырауская область,Казахстан,"Пн: 09:00-13:00, 14:00-19:00; Вт: 09:00-13:00, 14:00-19:00; Ср: 09:00-13:00, 14:00-19:00; Чт: 09:00-13:00, 14:00-19:00; Пт: 09:00-13:00, 14:00-19:00; Сб: 09:00-13:00, 14:00-19:00",+05:00,4.5,16,87025105758,87002529815,87774363988,,,,,,,,https://wa.me/77002529815,https://wa.me/77774363988,,,,,47.112578,51.91284,https://2gis.com/firm/70000001035263558,branch
Мария,студия по изготовлению мебели,Мебель на заказ; Мебель для кухни; Мебель для ванных комнат; Мебельные магазины; Корпусная мебель; Детская мебель; Дизайн интерьеров; Офисная мебель; Мягкая мебель,"Георгия Канцева улица, 1",,,,,Атырау,Атырау городская администрация,Атырауская область,Казахстан,Пн: 10:00-19:00; Вт: 10:00-19:00; Ср: 10:00-19:00; Чт: 10:00-19:00; Пт: 10:00-19:00; Сб: 10:00-19:00; Вс: 12:00-19:00,+05:00,4.8,15,88001003131 (горячая линия: круглосуточно),87756053543,,pugachev.marya@gmail.com,marya.atyrau@gmail.com,http://www.marya.ru,http://atyrau.marya.ru,https://instagram.com/kuhni_marya_atyrau,,https://vk.com/marya,https://wa.me/77756053543,,,,,https://youtube.com/user/fabrikamarya,47.106832,51.934232,https://2gis.com/firm/70000001035046285,branch
Art House,компания по изготовлению мебели на заказ,Мебель на заказ; Мебель для кухни; Мебель для ванных комнат; Корпусная мебель; Офисная мебель; Детская мебель; Декоративные отделочные элементы и материалы; Дизайн интерьеров,"улица Сырым Датова, 54",1 этаж,,,,Атырау,Атырау городская администрация,Атырауская область,Казахстан,Пн: 10:00-19:00; Вт: 10:00-19:00; Ср: 10:00-19:00; Чт: 10:00-19:00; Пт: 10:00-19:00; Сб: 10:00-19:00; Вс: 10:00-19:00,+05:00,4.6,11,87010383880,87757300188,,,,,,https://instagram.com/arthouse_atyrau,,,https://wa.me/77010383880,https://wa.me/77757300188,,,https://t.me/+77757300188,,47.104454,51.944258,https://2gis.com/firm/70000001034758440,branch
Дом мебели,мебельный салон,Мебель на заказ; Мебельные магазины; Мебель для кухни; Мебель для ванных комнат; Офисная мебель,"Георгия Канцева улица, 1",,,,,Атырау,Атырау городская администрация,Атырауская область,Казахстан,Пн: 10:00-19:00; Вт: 10:00-19:00; Ср: 10:00-19:00; Чт: 10:00-19:00; Пт: 10:00-19:00; Сб: 10:00-19:00; Вс: 10:00-19:00,+05:00,5.0,1,87081667933,87022391330 (директор ),,,,,,https://instagram.com/atyrau_dom_mebel,,,https://wa.me/77081667933,https://wa.me/77022391330,,,,,47.107288,51.935159,https://2gis.com/firm/70000001069905458,branch
Modisal,салон дизайнерской мягкой мебели,Мебель на заказ; Мягкая мебель; Мебельные магазины; Корпусная мебель; Мебель для кухни,"улица Курмангазы, 72а",2 этаж,,Жеруйык м-н,,Атырау,Атырау городская администрация,Атырауская область,Казахстан,Пн: 10:00-19:00; Вт: 10:00-19:00; Ср: 10:00-19:00; Чт: 10:00-19:00; Пт: 10:00-19:00; Сб: 10:00-19:00; Вс: 10:00-19:00,+05:00,4.4,6,87078778077,,,,,,,https://instagram.com/modisal_atyrau,,,https://wa.me/77078778077,,,,,,47.115997,51.886681,https://2gis.com/firm/70000001089207663,branch
Mebel`ный,мебельный салон,Мебель на заказ; Мебель для кухни; Корпусная мебель; Мягкая мебель,"улица Сырым Датова, 64",,,,,Атырау,Атырау городская администрация,Атырауская область,Казахстан,Пн: 10:00-18:00; Вт: 10:00-18:00; Ср: 10:00-18:00; Чт: 10:00-18:00; Пт: 10:00-18:00; Сб: 10:00-18:00; Вс: 10:00-18:00,+05:00,4.3,5,87021381568,,,,,,,https://instagram.com/mebelnyi_salon_atyrau,,,https://wa.me/77470582417,,,,https://t.me/+77021381568,,47.106553,51.948172,https://2gis.com/firm/70000001087762018,branch
Акенур,мебельный салон,Мебель на заказ; Мягкая мебель; Мебель для кухни; Корпусная мебель; Мебель из стекла; Детская мебель; Матрасы; Мебельные магазины,"улица Сырым Датова, 148",,,,,Атырау,Атырау городская администрация,Атырауская область,Казахстан,Пн: 10:00-18:30; Вт: 10:00-18:30; Ср: 10:00-18:30; Чт: 10:00-18:30; Пт: 10:00-18:30; Сб: 10:00-18:30; Вс: 10:00-18:30,+05:00,2.2,7,87750955550 (единый номер: пн-вс 10:00-19:00),,,,,,,https://instagram.com/akenur_zhihaz_atyrau,,,https://wa.me/77019109798,,,,,,47.112042,51.958328,https://2gis.com/firm/70000001035201224,branch
Делия,магазин кухонной мебели,Мебель на заказ; Мебель для кухни,"улица Сырым Датова, 62",4 бутик; 1 этаж,,,,Атырау,Атырау городская администрация,Атырауская область,Казахстан,Пн: 10:00-19:00; Вт: 10:00-19:00; Ср: 10:00-19:00; Чт: 10:00-19:00; Пт: 10:00-19:00; Сб: 10:00-19:00; Вс: 10:00-19:00,+05:00,5.0,6,87754939338,,,,,http://www.deliya.kz,,https://instagram.com/kuhni_deliya_atyrau,https://facebook.com/deliya.atyrau,,https://wa.me/77754939338,,,,,,47.107564,51.949998,https://2gis.com/firm/70000001034989993,branch
Мебель-city,мебельный магазин,Мебель на заказ; Мебель для ванных комнат; Офисная мебель; Мебель для кухни; Мебельные фасады; ЛДСП / ДВПО / МДФ; Стеновые панели; Декоративные отделочные элементы и материалы; Комплектующие для дверей; ДСП / ДВП / Фанера,"улица Сырым Датова, 54",,,,,Атырау,Атырау городская администрация,Атырауская область,Казахстан,"Пн: 10:00-13:00, 14:00-19:00; Вт: 10:00-13:00, 14:00-19:00; Ср: 10:00-13:00, 14:00-19:00; Чт: 10:00-13:00, 14:00-19:00; Пт: 10:00-13:00, 14:00-19:00; Сб: 10:00-13:00, 14:00-19:00; Вс: 10:00-13:00, 14:00-19:00",+05:00,5.0,2,87780062478,,,,,,,https://instagram.com/mebel_city_atyrau,,,https://wa.me/77780062478,,,,,,47.104454,51.944258,https://2gis.com/firm/70000001035700314,branch
Султан,мебельный салон,Мебель на заказ; Корпусная мебель; Мебель для кухни; Торгово-выставочное оборудование; Офисная мебель; Детская мебель; Мебельные магазины,"проспект Азаттык, 46",1 этаж,,,,Атырау,Атырау городская администрация,Атырауская область,Казахстан,"Пн: 10:00-13:00, 14:00-18:00; Вт: 10:00-13:00, 14:00-18:00; Ср: 10:00-13:00, 14:00-18:00; Чт: 10:00-13:00, 14:00-18:00; Пт: 10:00-13:00, 14:00-18:00; Сб: 10:00-14:00",+05:00,,,87785896656,,,,,,,https://instagram.com/mebel_sultan06,,,https://wa.me/77785896656,,,,,,47.096987,51.92357,https://2gis.com/firm/70000001034779918,branch
Knyazevich design studio,,Мебель на заказ; Дизайн интерьеров; Мебель для кухни; Корпусная мебель,"улица Академика Жарбосынова, 89а",204 офис; 2 этаж,,,,Атырау,Атырау городская администрация,Атырауская область,Казахстан,Пн: 09:00-19:00; Вт: 09:00-19:00; Ср: 09:00-19:00; Чт: 09:00-19:00; Пт: 09:00-19:00; Сб: 09:00-17:00,+05:00,4.9,1,87758855031,,,,,,,https://instagram.com/knyazevichdesign.art,,,https://wa.me/77758855031,,,,,,47.109761,51.898327,https://2gis.com/firm/70000001083844718,branch
Мария,студия по изготовлению мебели,Мебель на заказ; Мебель для кухни; Мебель для ванных комнат; Мебельные магазины; Корпусная мебель; Мягкая мебель; Офисная мебель; Детская мебель; Дизайн интерьеров; Бытовая техника,"проспект Каныша Сатпаева, 43а",2 этаж,,,,Атырау,Атырау городская администрация,Атырауская область,Казахстан,Пн: 10:00-22:00; Вт: 10:00-22:00; Ср: 10:00-22:00; Чт: 10:00-22:00; Пт: 10:00-22:00; Сб: 10:00-22:00; Вс: 10:00-22:00,+05:00,,,87027868769,87016916666,,pugachev.marya@gmail.com,marya.atyrau@gmail.com,,,https://instagram.com/kuhni_marya_atyrau,,,https://wa.me/77027868769,,,,,,47.10574,51.883514,https://2gis.com/firm/70000001090620620,branch
Weltew Home,мебельный салон,Мебель на заказ; Мебель для кухни; Мебельные магазины; Детская мебель; Корпусная мебель,"трасса Атырау-Доссор, 46",,,Береке м-н,,Атырау,Атырау городская администрация,Атырауская область,Казахстан,Пн: 10:00-19:00; Вт: 10:00-19:00; Ср: 10:00-19:00; Чт: 10:00-19:00; Пт: 10:00-19:00; Сб: 10:00-19:00; Вс: 10:00-19:00,+05:00,5.0,1,87789759191,,,,,,,https://instagram.com/weltewhome_atyrau,,,https://wa.me/77789759191,,,,,,47.143616,51.959551,https://2gis.com/firm/70000001068113509,branch
МТЕХ,компания по мебельным технологиям,Мебель на заказ; Мебельная фурнитура; Корпусная мебель,"улица Отешкали Атамбаев, 35",,,,,Атырау,Атырау городская администрация,Атырауская область,Казахстан,"Пн: 09:00-13:00, 14:00-18:00; Вт: 09:00-13:00, 14:00-18:00; Ср: 09:00-13:00, 14:00-18:00; Чт: 09:00-13:00, 14:00-18:00; Пт: 09:00-13:00, 14:00-18:00; Сб: 09:00-13:00, 14:00-18:00",+05:00,4.0,3,87016113536,,,,,,,https://instagram.com/mebelnyetekhnologi,,,https://wa.me/77016113536,,,,,,47.085755,51.930352,https://2gis.com/firm/70000001035507832,branch
Zolla-Home,мебельная компания,Мебель на заказ; Мебель для кухни; Корпусная мебель,"проспект Азаттык, 181а",,,Толкын м-н,,Атырау,Атырау городская администрация,Атырауская область,Казахстан,Пн: 09:00-18:00; Вт: 09:00-18:00; Ср: 09:00-18:00; Чт: 09:00-18:00; Пт: 09:00-18:00; Сб: 09:00-18:00; Вс: 09:00-18:00,+05:00,4.3,6,87760523059,,,,,,,https://instagram.com/mebel_zolla_home,,,https://wa.me/77760523059,,,,,,47.082425,51.894549,https://2gis.com/firm/70000001043790453,branch
Атырауское учебно-производственное предприятие Казахского Общества Слепых,,Мебель на заказ; Общественные организации; Домашний текстиль; Офисная мебель,"микрорайон Авангард-4, 89",,,Авангард-4 м-н,,Атырау,Атырау городская администрация,Атырауская область,Казахстан,"Пн: 09:00-13:00, 14:00-18:00; Вт: 09:00-13:00, 14:00-18:00; Ср: 09:00-13:00, 14:00-18:00; Чт: 09:00-13:00, 14:00-18:00; Пт: 09:00-13:00, 14:00-18:00",+05:00,,,87122211015,87763520464,,,,,,,,,https://wa.me/77763520464,https://wa.me/77001011963,,,,,47.098515,51.890036,https://2gis.com/firm/70000001034920024,branch
Престиж,компания по изготовлению мебели,Мебель на заказ; Детская мебель; Мебель для кухни; Офисная мебель; Копировальные услуги,"проспект Азаттык, 95",1 этаж,,,,Атырау,Атырау городская администрация,Атырауская область,Казахстан,"Пн: 09:00-13:00, 14:00-18:00; Вт: 09:00-13:00, 14:00-18:00; Ср: 09:00-13:00, 14:00-18:00; Чт: 09:00-13:00, 14:00-18:00; Пт: 09:00-13:00, 14:00-18:00; Сб: 09:00-15:00",+05:00,3.0,2,87777965937,87122251310,87757874648,,,,,https://instagram.com/prestige.atyrau,,,https://wa.me/77757874648,https://wa.me/77782497024,,,,,47.09269,51.919629,https://2gis.com/firm/70000001034942857,branch
Бек Мебель,компания по изготовлению мебели на заказ,Мебель на заказ; Корпусная мебель; Дизайн интерьеров; Мебель для ванных комнат; Мебель для кухни; Офисная мебель; Детская мебель,"2-я улица, 39а",,,СМП-163 м-н,,Атырау,Атырау городская администрация,Атырауская область,Казахстан,Пн: 09:00-20:00; Вт: 09:00-20:00; Ср: 09:00-20:00; Чт: 09:00-20:00; Пт: 09:00-20:00; Сб: 09:00-20:00; Вс: 09:00-20:00,+05:00,1.0,1,87015621138,,,,,,,,,,https://wa.me/77015621138,,,,,,47.119838,51.970028,https://2gis.com/firm/70000001064974023,branch
Comfortmebel.atyrau,,Мебель на заказ; Мебель для кухни,"Георгия Канцева улица, 1",,,,,Атырау,Атырау городская администрация,Атырауская область,Казахстан,,+05:00,5.0,1,87752648414 (директор ),,,,,,,https://instagram.com/comfortmebel.atyrau,,,https://wa.me/77752648414,,,,,,47.107174,51.934927,https://2gis.com/firm/70000001094530195,branch
Elite Decor,мебельный салон,Мебель на заказ; Мебельные магазины; Мебель для кухни; Стекло / Зеркала,"улица Сырым Датова, 148",,,,,Атырау,Атырау городская администрация,Атырауская область,Казахстан,Пн: 10:00-18:30; Вт: 10:00-18:30; Ср: 10:00-18:30; Чт: 10:00-18:30; Пт: 10:00-18:30; Сб: 10:00-18:30; Вс: 10:00-18:30,+05:00,,,87012964888,,,,,,,https://instagram.com/elite_decor_atyrau,,,https://wa.me/77012964888,,,,,,47.112042,51.958328,https://2gis.com/firm/70000001066131242,branch
Doreko Mebel,,Мебель на заказ; Корпусная мебель,,,,Томарлы с.,,Атырау,Атырау городская администрация,Атырауская область,Казахстан,,+05:00,,,87013307050,,,,,,,https://instagram.com/doreko_mebel_atyrau,,,https://wa.me/77013307050,,,,,,47.155982,51.955478,https://2gis.com/firm/70000001097371770,branch
Карт Бланш,мебельный салон,Мебель на заказ; Мебель для кухни; Корпусная мебель; Офисная мебель; Детская мебель; Мебельные магазины,"улица Сырым Датова, 11",1 этаж,,,,Атырау,Атырау городская администрация,Атырауская область,Казахстан,"Пн: 10:00-13:00, 14:00-19:00; Вт: 10:00-13:00, 14:00-19:00; Ср: 10:00-13:00, 14:00-19:00; Чт: 10:00-13:00, 14:00-19:00; Пт: 10:00-13:00, 14:00-19:00; Сб: 11:00-13:00, 14:00-18:00",+05:00,,,87122320011,87122324193,87122321727,,,,,https://instagram.com/kart.blansh,,,https://wa.me/77057910573,,,,,,47.096613,51.92764,https://2gis.com/firm/70000001035653301,branch
Taneerkhan,организация по изготовлению мебели на заказ,Мебель на заказ; Мебель для кухни; Корпусная мебель; Мебель для ванных комнат; Мебельные фасады; Детская мебель; Матрасы; Мягкая мебель; Офисная мебель,"улица Туран, 21",37 кабинет; 3 этаж,,Сарыкамыс м-н,,Атырау,Атырау городская администрация,Атырауская область,Казахстан,Пн: 09:00-21:00; Вт: 09:00-21:00; Ср: 09:00-21:00; Чт: 09:00-21:00; Пт: 09:00-21:00; Сб: 09:00-21:00; Вс: 09:00-21:00,+05:00,5.0,1,87789308454,87780806077,,,,,,https://instagram.com/taneerkhan.furniture,,,https://wa.me/77789308454,https://wa.me/77780806077,,,,,47.091585,51.864976,https://2gis.com/firm/70000001036219146,branch
Geona,центр по производству корпусной мебели,Мебель на заказ; Корпусная мебель,"улица Курмангазы, 72а",1 этаж,,Жеруйык м-н,,Атырау,Атырау городская администрация,Атырауская область,Казахстан,Пн: 10:00-19:00; Вт: 10:00-19:00; Ср: 10:00-19:00; Чт: 10:00-19:00; Пт: 10:00-19:00; Сб: 10:00-19:00; Вс: 10:00-16:00,+05:00,,,87053991205,,,,,http://geona-dveri.ru/,,https://instagram.com/geona_mebel_atyrau,,,https://wa.me/77053991205,,,,,,47.115997,51.886681,https://2gis.com/firm/70000001094276914,branch
Жанна и К,мебельный салон,Мебель на заказ; Мебель для кухни; Корпусная мебель,"проспект Азаттык, 183д",,,Толкын м-н,,Атырау,Атырау городская администрация,Атырауская область,Казахстан,Пн: 09:00-19:00; Вт: 09:00-19:00; Ср: 09:00-19:00; Чт: 09:00-19:00; Пт: 09:00-19:00; Сб: 09:00-19:00; Вс: 09:00-19:00,+05:00,,,87022470710,,,,,,,https://instagram.com/atyrau_mebel_zhanna_i_k,,,https://wa.me/77022470710,,,,,,47.081327,51.894564,https://2gis.com/firm/70000001034998468,branch
Adai,мебельный салон,Мебель на заказ; Мягкая мебель; Корпусная мебель,"Муса Баймуханова улица, 70Б",2 этаж,,,,Атырау,Атырау городская администрация,Атырауская область,Казахстан,Пн: 09:00-19:00; Вт: 09:00-19:00; Ср: 09:00-19:00; Чт: 09:00-19:00; Пт: 09:00-19:00; Сб: 09:00-19:00; Вс: 09:00-19:00,+05:00,5.0,1,87757110010,,,,,,,https://instagram.com/adai.mebel.atyrau,,,https://wa.me/77757110010,,,,,,47.125784,51.960893,https://2gis.com/firm/70000001089482641,branch
Kerbez,студия мебели,Мебель на заказ; Мебель для кухни; Мебель для ванных комнат,"проезд Жиренше Шешен, 25",,,Кара депо м-н,,Атырау,Атырау городская администрация,Атырауская область,Казахстан,Пн: 10:00-19:00; Вт: 10:00-19:00; Ср: 10:00-19:00; Чт: 10:00-19:00; Пт: 10:00-19:00; Сб: 10:00-19:00; Вс: 10:00-19:00,+05:00,1.0,3,87788817777,,,,,,,https://instagram.com/kerbez_mebel_atyrau,,,https://wa.me/77788817777,,,,,,47.099442,51.950182,https://2gis.com/firm/70000001036801471,branch
CARA hardwood,мебельный салон,Мебель на заказ; Корпусная мебель; Мебель для кухни; Мягкая мебель; Мебельные магазины,"проспект Азаттык, 75",,,,,Атырау,Атырау городская администрация,Атырауская область,Казахстан,"Пн: 10:00-13:00, 14:00-19:00; Вт: 10:00-13:00, 14:00-19:00; Ср: 10:00-13:00, 14:00-19:00; Чт: 10:00-13:00, 14:00-19:00; Пт: 10:00-13:00, 14:00-19:00; Сб: 10:00-13:00, 14:00-19:00; Вс: 10:00-13:00, 14:00-19:00",+05:00,4.0,7,"87014100195 (единый номер: пн-сб 10:00-19:00, вс 11:00-17:00)",,,,,,,https://instagram.com/cara_hardwood_atyrau,,,https://wa.me/77014100195,,,,,,47.09411,51.920532,https://2gis.com/firm/70000001045879537,branch
MebeLine,компания по изготовлению мебели,Мебель на заказ; Корпусная мебель; Мебель для кухни; Мебельные фасады,,,,,,Атырау,Атырау городская администрация,Атырауская область,Казахстан,Пн: 09:00-18:00; Вт: 09:00-18:00; Ср: 09:00-18:00; Чт: 09:00-18:00; Пт: 09:00-18:00; Сб: 09:00-18:00,+05:00,1.2,1,87055552534,,,,,,,https://instagram.com/mebeline_atyrau,,,https://wa.me/77055552534,,,,,,47.132553,51.89506,https://2gis.com/firm/70000001078584531,branch
Zhanar,мебельная компания,Мебель на заказ; Корпусная мебель; Мебель для кухни; Офисная мебель,"проспект Султана Бейбарыса, 35",209 офис; 2 этаж,,Мясокомбинат м-н,,Атырау,Атырау городская администрация,Атырауская область,Казахстан,"Пн: 10:00-13:00, 14:00-19:00; Вт: 10:00-13:00, 14:00-19:00; Ср: 10:00-13:00, 14:00-19:00; Чт: 10:00-13:00, 14:00-19:00; Пт: 10:00-13:00, 14:00-19:00; Сб: 10:00-13:00, 14:00-19:00",+05:00,1.0,1,87014640860,,,,,,,https://instagram.com/mebel_zhanar_atyrau,,,https://wa.me/77014640860,,,,,,47.118095,51.943885,https://2gis.com/firm/70000001035393750,branch
Mebellini,компания по изготовлению мебели под заказ,Мебель на заказ; Корпусная мебель; Мебель для кухни; Офисная мебель; Мягкая мебель; Детская мебель,"улица Сырым Датова, 62",,,,,Атырау,Атырау городская администрация,Атырауская область,Казахстан,Пн: 11:00-18:00; Вт: 11:00-18:00; Ср: 11:00-18:00; Чт: 11:00-18:00; Пт: 11:00-18:00; Сб: 11:00-17:00,+05:00,5.0,1,87023299000,87016163106 (единый номер: пн-вс 10:00-19:00),,,,,,https://instagram.com/mebellini.atyrau,,,https://wa.me/77023299000,,,,,,47.107659,51.950175,https://2gis.com/firm/70000001045592309,branch
ADF Decor,компания по производству мебели и фасада,Мебель на заказ; Офисная мебель; Мебель для кухни; Детская мебель; Корпусная мебель; Мягкая мебель,"проспект Зейноллы Кабдолова, 2а",,,,,Атырау,Атырау городская администрация,Атырауская область,Казахстан,Пн: 10:00-19:00; Вт: 10:00-19:00; Ср: 10:00-19:00; Чт: 10:00-19:00; Пт: 10:00-19:00; Сб: 10:00-19:00,+05:00,4.0,1,87015010304,,,,,,,https://instagram.com/adf_decor,,,https://wa.me/77015010304,,,,,,47.075175,51.915627,https://2gis.com/firm/70000001065567619,branch
Мебельный салон,ИП Султанби,Мебель на заказ; Мебель для культурно-досуговых учреждений; Мягкая мебель; Корпусная мебель; Мебель для кухни; Мебельные магазины,"проспект Султана Бейбарыса, 45",,,,,Атырау,Атырау городская администрация,Атырауская область,Казахстан,Пн: 09:00-18:00; Вт: 09:00-18:00; Ср: 09:00-18:00; Чт: 09:00-18:00; Пт: 09:00-18:00; Сб: 09:00-18:00; Вс: 09:00-18:00,+05:00,5.0,1,87018913300,,,,,,,https://instagram.com/sultanbi_mebel,,,,,,,,,47.125869,51.956001,https://2gis.com/firm/70000001035236088,branch
База,ИП СЭМ,Мебель на заказ; Мебель для кухни; Корпусная мебель,"улица Жалантос батыр, 8",,,,,Атырау,Атырау городская администрация,Атырауская область,Казахстан,Пн: 09:00-18:00; Вт: 09:00-18:00; Ср: 09:00-18:00; Чт: 09:00-18:00; Пт: 09:00-18:00; Сб: 09:00-18:00; Вс: 09:00-18:00,+05:00,3.7,3,87023854705,,,,,,,https://instagram.com/samstonegroup,,,https://wa.me/77023854705,,,,,,47.082721,51.90974,https://2gis.com/firm/70000001050773906,branch
Arzan divan Atyrau,компания по продаже мягкой мебели,Мебель на заказ; Мягкая мебель; Офисная мебель,"улица Астана, 18",,,Мирас м-н,,Атырау,Атырау городская администрация,Атырауская область,Казахстан,Пн: 10:00-21:00; Вт: 10:00-21:00; Ср: 10:00-21:00; Чт: 10:00-21:00; Пт: 10:00-21:00; Сб: 10:00-21:00; Вс: 10:00-21:00 (по предварительному звонку: пн-вс),+05:00,5.0,9,87789875707,87086964601,,,,,,https://instagram.com/arzan_divan_atyrau,,,https://wa.me/77789875707,https://wa.me/77086964601,,,,,47.153514,51.971305,https://2gis.com/firm/70000001061222619,branch
Elite Zhihaz,мебельный салон,Мебель на заказ; Мебель для кухни; Корпусная мебель,"улица Куттыгай батыра, 12Б",,,,,Атырау,Атырау городская администрация,Атырауская область,Казахстан,,+05:00,5.0,1,87018390100,,,,,,,https://instagram.com/elite_zhihaz_atyrau,,,https://wa.me/77018390100,,,,,,47.11029,51.968059,https://2gis.com/firm/70000001089609932,branch
Hilding Anders,"салон матрасов, кроватей и товаров для сна",Мебель на заказ; Матрасы; Корпусная мебель; Мягкая мебель; Ортопедические товары; Домашний текстиль,"улица Курмангазы, 11",1 этаж,,Авангард-4 м-н,,Атырау,Атырау городская администрация,Атырауская область,Казахстан,Пн: 10:00-19:00; Вт: 10:00-19:00; Ср: 10:00-19:00; Чт: 10:00-19:00; Пт: 10:00-19:00; Сб: 10:00-19:00; Вс: 10:00-19:00,+05:00,4.9,46,87085040505,,,,,,,https://instagram.com/hildinganders.atyrau,,,https://wa.me/77085040505,,,,,,47.100215,51.879937,https://2gis.com/firm/70000001063045300,branch
Lara,компания по изготовлению мебели на заказ,Мебель на заказ; Корпусная мебель; Мебель для кухни,"микрорайон Авангард-2, 5",1 этаж,,Авангард-2 м-н,,Атырау,Атырау городская администрация,Атырауская область,Казахстан,"Пн: 10:00-13:00, 14:00-19:00; Вт: 10:00-13:00, 14:00-19:00; Ср: 10:00-13:00, 14:00-19:00; Чт: 10:00-13:00, 14:00-19:00; Пт: 10:00-13:00, 14:00-19:00; Сб: 10:00-13:00, 14:00-18:00",+05:00,1.0,1,87015488748,,,,,,,https://instagram.com/zhihazprom,,,https://wa.me/77015488748,,,,,,47.097538,51.875392,https://2gis.com/firm/70000001035229963,branch
Airs Mebel,мебельный цех,Мебель на заказ; Детская мебель; Мебель для кухни; Корпусная мебель,"улица Бакдаулет, 11",,,Лесхоз-2 м-н,,Атырау,Атырау городская администрация,Атырауская область,Казахстан,Пн: 09:00-20:00; Вт: 09:00-20:00; Ср: 09:00-20:00; Чт: 09:00-20:00; Пт: 09:00-20:00; Сб: 09:00-20:00; Вс: 09:00-20:00,+05:00,5.0,2,87019522776,,,,,,,https://instagram.com/airs_mebel_atyrau,,,https://wa.me/77019522776,,,,,,47.102668,51.859357,https://2gis.com/firm/70000001064219587,branch
Modern Office Furniture,магазин офисной мебели,Мебель на заказ; Корпусная мебель; Мягкая мебель; Мебель для учебных и дошкольных учреждений; Медицинская и лабораторная мебель,"проспект Азаттык, 48",1 этаж,,,,Атырау,Атырау городская администрация,Атырауская область,Казахстан,Пн: 09:00-18:00; Вт: 09:00-18:00; Ср: 09:00-18:00; Чт: 09:00-18:00; Пт: 09:00-18:00; Сб: 09:00-18:00; Вс: 09:00-18:00,+05:00,,,87008870016,,,,,http://modern-office.kz,,https://instagram.com/mof.atyrau,,,https://wa.me/77010659955,,,,,,47.096415,51.923363,https://2gis.com/firm/70000001089288887,branch
Makberry,студия мебели,Мебель на заказ; Мебель для кухни; Детская мебель; Корпусная мебель; Мебель для ванных комнат; Мебельные магазины; Офисная мебель; Мебель для общественного питания; Мебель для учебных и дошкольных учреждений,"Георгия Канцева улица, 1",1 этаж,,,,Атырау,Атырау городская администрация,Атырауская область,Казахстан,Пн: 09:00-19:00; Вт: 09:00-19:00; Ср: 09:00-19:00; Чт: 09:00-19:00; Пт: 09:00-19:00; Сб: 09:00-19:00; Вс: 09:00-19:00,+05:00,2.0,4,87015316060,87022199966,,,,,,https://instagram.com/makberry_atyrau,,,https://wa.me/77015316060,https://wa.me/77022199966,,,,,47.107201,51.934982,https://2gis.com/firm/70000001035050147,branch
Анель,мебельный салон,Мебель на заказ; Корпусная мебель; Мебель для кухни; Мягкая мебель; Офисная мебель; Детская мебель; Мебельные магазины,"улица Бекбая Бимаганова, 2",,,,,Атырау,Атырау городская администрация,Атырауская область,Казахстан,Пн: 10:00-18:00; Вт: 10:00-18:00; Ср: 10:00-18:00; Чт: 10:00-18:00; Пт: 10:00-18:00; Сб: 10:00-18:00; Вс: 10:00-18:00,+05:00,2.6,5,87011488687,87122453094,,,,,,,,,https://wa.me/77011488687,,,,,,47.093815,51.904084,https://2gis.com/firm/70000001035154057,branch
Мебель-city,мебельный магазин,Мебель на заказ; Корпусная мебель; Мебельные магазины,"улица Ныгмета Нурмакова, 50а",,,Байтак-2 м-н,,Атырау,Атырау городская администрация,Атырауская область,Казахстан,"Пн: 10:00-13:00, 14:00-18:00; Вт: 10:00-13:00, 14:00-18:00; Ср: 10:00-13:00, 14:00-18:00; Чт: 10:00-13:00, 14:00-18:00; Пт: 10:00-13:00, 14:00-18:00; Сб: 10:00-13:00, 14:00-18:00",+05:00,,,87780062478,,,,,,,https://instagram.com/mebel_city_atyrau,,,,,,,,,47.046427,51.897492,https://2gis.com/firm/70000001054919083,branch
Woodworx,,Мебель на заказ; Деревообработка; Мебель для общественного питания; Офисная мебель; Мебель для кухни,"проспект Азаттык, 118в",,,,,Атырау,Атырау городская администрация,Атырауская область,Казахстан,Пн: 09:00-18:00; Вт: 09:00-18:00; Ср: 09:00-18:00; Чт: 09:00-18:00; Пт: 09:00-18:00; Сб: 09:00-18:00,+05:00,5.0,2,87007417441,,,,,,,https://instagram.com/WoodWorx_atyrau,,,https://wa.me/77007417441,,,,,,47.083957,51.905359,https://2gis.com/firm/70000001089746628,branch
Euro House Mebel,​компания по изготовлению мебели под заказ,Мебель на заказ; Мебель для кухни,"улица Сырым Датова, 54",1 этаж,,,,Атырау,Атырау городская администрация,Атырауская область,Казахстан,Пн: 10:00-18:00; Вт: 10:00-18:00; Ср: 10:00-18:00; Чт: 10:00-18:00; Пт: 10:00-18:00; Сб: 10:00-18:00; Вс: 10:00-18:00,+05:00,5.0,2,87022353936,,,,,,,https://instagram.com/euro.house.mebel.atyrau,,,https://wa.me/77022353936,,,,,,47.104454,51.944258,https://2gis.com/firm/70000001087764589,branch
Soft Lux,мебельный салон,Мебель на заказ; Мягкая мебель,"улица Бекет Ата, 23",,,Бирлик м-н,,Атырау,Атырау городская администрация,Атырауская область,Казахстан,Пн: 09:00-21:00; Вт: 09:00-21:00; Ср: 09:00-21:00; Чт: 09:00-21:00; Пт: 09:00-21:00; Сб: 09:00-21:00; Вс: 09:00-21:00,+05:00,5.0,1,87760644455,87088206534,,,,,,https://instagram.com/soft__lux,,,https://wa.me/77760644455,,,,,,47.142812,51.98418,https://2gis.com/firm/70000001088128602,branch
5 звёзд,,Мебель на заказ; Мебель для кухни; Корпусная мебель,"улица Курмангазы, 72а",2 этаж,,Жеруйык м-н,,Атырау,Атырау городская администрация,Атырауская область,Казахстан,Пн: 10:00-19:00; Вт: 10:00-19:00; Ср: 10:00-19:00; Чт: 10:00-19:00; Пт: 10:00-19:00; Сб: 10:00-19:00; Вс: 10:00-19:00,+05:00,,,87751949823,,,,,,,https://instagram.com/5zvezd_atyrau,,,https://wa.me/77751949823,,,,,,47.115997,51.886681,https://2gis.com/firm/70000001090813745,branch
Emir Mebel Atyrau,компания по изготовлению мебели,Мебель на заказ; Мебель для кухни,"улица Мендекеш Сатыбалдиева, 3",,,Рембаза м-н,,Атырау,Атырау городская администрация,Атырауская область,Казахстан,Пн: 10:00-18:00; Вт: 10:00-18:00; Ср: 10:00-18:00; Чт: 10:00-18:00; Пт: 10:00-18:00; Сб: 10:00-18:00; Вс: 10:00-18:00,+05:00,,,87087029697,,,,,,,https://instagram.com/emir_atyrau,,,https://wa.me/77087029697,,,,,,47.084388,51.862686,https://2gis.com/firm/70000001081069442,branch
Ferogatti,магазин мебели для кухни,Мебель на заказ; Мебель для кухни; Корпусная мебель; Мебельные фасады; Дизайн интерьеров; Мебельные магазины,"улица Сырым Датова, 40а",,,,,Атырау,Атырау городская администрация,Атырауская область,Казахстан,Пн: 10:00-19:00; Вт: 10:00-19:00; Ср: 10:00-19:00; Чт: 10:00-19:00; Пт: 10:00-19:00; Сб: 10:00-19:00,+05:00,5.0,1,87785027933,,,,,http://ferogatti.kz,,https://instagram.com/ferogatti_atyrau,https://facebook.com/ferogatti,https://vk.com/ferogatti,https://wa.me/77785027933,,,,,,47.098661,51.932397,https://2gis.com/firm/70000001042737960,branch
Aisultan,мебельный салон,Мебель на заказ; Мягкая мебель; Корпусная мебель,"Муса Баймуханова улица, 70Б",,,,,Атырау,Атырау городская администрация,Атырауская область,Казахстан,Пн: 10:00-18:00; Вт: 10:00-18:00; Ср: 10:00-18:00; Чт: 10:00-18:00; Пт: 10:00-18:00; Сб: 10:00-18:00; Вс: 10:00-18:00,+05:00,,,87013900789,87073724407,,,,,,https://instagram.com/aisultanmebel,,,https://wa.me/77013900789,,,,,,47.125784,51.960893,https://2gis.com/firm/70000001090726217,branch
Gold mebel ,компания по изготовлению мебели на заказ,Мебель на заказ; Корпусная мебель; Мебель для кухни,"микрорайон Береке, 133",,,Береке м-н,,Атырау,Атырау городская администрация,Атырауская область,Казахстан,Пн: 10:00-19:00; Вт: 10:00-19:00; Ср: 10:00-19:00; Чт: 10:00-19:00; Пт: 10:00-19:00; Сб: 10:00-19:00; Вс: 10:00-19:00,+05:00,,,87758801325,87751216344,,,,,,https://instagram.com/gold_mebel_atyrau,,,https://wa.me/77758801325,https://wa.me/77751216344,,,,,47.13666,51.953789,https://2gis.com/firm/70000001082566025,branch
Yasin,компания по изготовлению мебели под заказ,Мебель на заказ; Мебель для кухни; Корпусная мебель; Детская мебель; Мебель для ванных комнат,"Муса Баймуханова улица, 12в",,,,,Атырау,Атырау городская администрация,Атырауская область,Казахстан,Пн: 08:00-19:00; Вт: 08:00-19:00; Ср: 08:00-19:00; Чт: 08:00-19:00; Пт: 08:00-19:00; Сб: 08:00-19:00,+05:00,,,87000712000,87029808200,,,,,,,,,https://wa.me/77000712000,https://wa.me/77029808200,,,,,47.126056,51.929914,https://2gis.com/firm/70000001080095563,branch
Мир мебели,,Мебель на заказ; Мебель для кухни; Мебель для общественного питания; Корпусная мебель; Офисная мебель,"Махамбета Утемисова улица, 128",1 этаж,,,,Атырау,Атырау городская администрация,Атырауская область,Казахстан,Пн: 10:00-17:00; Вт: 10:00-17:00; Ср: 10:00-17:00; Чт: 10:00-17:00; Пт: 10:00-17:00; Сб: 10:00-17:00,+05:00,,,87477206403,87786811413,87013579870,,,,,https://instagram.com/mir_mebeli_atyrau,,,https://wa.me/77477206403,,,,,,47.094993,51.925448,https://2gis.com/firm/70000001034638369,branch
Merci,мебельная компания,Мебель на заказ; Мебель для кухни; Корпусная мебель,"улица Каршымбай Ахмедияров, 19Б/2",,,Балыкши м-н,,Атырау,Атырау городская администрация,Атырауская область,Казахстан,"Пн: 10:00-13:00, 14:00-19:00; Вт: 10:00-13:00, 14:00-19:00; Ср: 10:00-13:00, 14:00-19:00; Чт: 10:00-13:00, 14:00-19:00; Пт: 10:00-13:00, 14:00-19:00; Сб: 10:00-13:00, 14:00-19:00; Вс: 10:00-13:00, 14:00-19:00",+05:00,,,87054444442 (единая справочная: пн-вс 10:00-19:00),,,,,,,https://instagram.com/mebel.atyrau.merci,,,https://wa.me/77054444442,,,,,,47.074989,51.886265,https://2gis.com/firm/70000001044512029,branch
Zhannur mebel,,Мебель на заказ; Корпусная мебель,"улица Гурьевснаб, 20а/1",,,,,Атырау,Атырау городская администрация,Атырауская область,Казахстан,Пн: 09:00-18:00; Вт: 09:00-18:00; Ср: 09:00-18:00; Чт: 09:00-18:00; Пт: 09:00-18:00; Сб: 09:00-18:00; Вс: 09:00-18:00,+05:00,,,87780053535,,,,,,,https://instagram.com/zhannur_mebel,,,https://wa.me/77780053535,,,,,,47.132768,51.959858,https://2gis.com/firm/70000001051844070,branch
Olimp Mebel,компания по изготовлению мебели под заказ,Мебель на заказ; Корпусная мебель,"проспект Азаттык, 66",38 кабинет; 3 этаж,,,,Атырау,Атырау городская администрация,Атырауская область,Казахстан,"Пн: 09:00-12:00, 13:00-18:00; Вт: 09:00-12:00, 13:00-18:00; Ср: 09:00-12:00, 13:00-18:00; Чт: 09:00-12:00, 13:00-18:00; Пт: 09:00-12:00, 13:00-18:00; Сб: 09:00-13:00",+05:00,,,87021896902,,,,,,,https://instagram.com/mebel_olimp.kz,,,https://wa.me/77021896902,,,,,,47.092526,51.920535,https://2gis.com/firm/70000001079599473,branch
Miseker,компания по изготовлению мебели на заказ,Мебель на заказ; Деревообработка; Мебель для кухни; Корпусная мебель; Мягкая мебель; Офисная мебель; Детская мебель; Погонажные изделия,"улица Отешкали Атамбаев, 12е",,,,,Атырау,Атырау городская администрация,Атырауская область,Казахстан,"Пн: 09:00-13:00, 14:00-19:00; Вт: 09:00-13:00, 14:00-19:00; Ср: 09:00-13:00, 14:00-19:00; Чт: 09:00-13:00, 14:00-19:00; Пт: 09:00-13:00, 14:00-19:00; Сб: 09:00-13:00",+05:00,5.0,1,87473401010 (единый номер: пн-вс 10:00-19:00),,,,,,,https://instagram.com/mebel_miseker,,,https://wa.me/77473401010,,,,https://t.me/krasnoderevchik,,47.090046,51.927287,https://2gis.com/firm/70000001035514296,branch
MOF Home collectıon ,магазин мягкой мебели,Мебель на заказ; Мягкая мебель; Мебель для кухни; Мебель для ванных комнат,,,,,,Атырау,Атырау городская администрация,Атырауская область,Казахстан,Пн: 09:00-18:00; Вт: 09:00-18:00; Ср: 09:00-18:00; Чт: 09:00-18:00; Пт: 09:00-18:00,+05:00,,,87008870016,,,,,http://modern-home.kz,,https://instagram.com/mof.atyrau,,,https://wa.me/77010659955,,,,,,,,https://2gis.com/firm/70000001089290354,branch
Merci,мебельная компания,Мебель на заказ; Мебель для кухни; Корпусная мебель,"улица Сырым Датова, 54",,,,,Атырау,Атырау городская администрация,Атырауская область,Казахстан,"Пн: 10:00-13:00, 14:00-19:00; Вт: 10:00-13:00, 14:00-19:00; Ср: 10:00-13:00, 14:00-19:00; Чт: 10:00-13:00, 14:00-19:00; Пт: 10:00-13:00, 14:00-19:00; Сб: 10:00-13:00, 14:00-19:00; Вс: 10:00-13:00, 14:00-19:00",+05:00,5.0,1,87054444442 (единая справочная: пн-вс 10:00-19:00),,,,,,,https://instagram.com/mebel.atyrau.merci,,,https://wa.me/77054444442,,,,,,47.104454,51.944258,https://2gis.com/firm/70000001047013782,branch
JMebel,мебельная компания,Мебель на заказ; Корпусная мебель; Мебель для кухни,"проспект Султана Бейбарыса, 486",,,Самал-2 м-н,,Атырау,Атырау городская администрация,Атырауская область,Казахстан,Пн: 10:00-18:00; Вт: 10:00-18:00; Ср: 10:00-18:00; Чт: 10:00-18:00; Пт: 10:00-18:00; Сб: 10:00-18:00; Вс: 10:00-18:00,+05:00,4.0,4,87716419516,,,,,,,https://instagram.com/jmebel06,,,https://wa.me/77716419516,,,,,,47.120351,51.858921,https://2gis.com/firm/70000001043843061,branch
Зере,компания по изготовлению мебели под заказ,Мебель на заказ; Корпусная мебель,"улица Салима Капакова, ст 89",,,Оркен м-н,,Атырау,Атырау городская администрация,Атырауская область,Казахстан,Пн: 09:00-19:00; Вт: 09:00-19:00; Ср: 09:00-19:00; Чт: 09:00-19:00; Пт: 09:00-19:00; Сб: 09:00-19:00; Вс: 09:00-19:00,+05:00,4.2,5,87782488377,87750981991,,,,,,https://instagram.com/zere_zhihazy,,,https://wa.me/77782488377,https://wa.me/77750981991,,,,,47.082202,51.852875,https://2gis.com/firm/70000001055360028,branch
Sheber dos,цех по изготовлению мебели на заказ,Мебель на заказ; Мягкая мебель; Ремонт мебели; Тюнинг; Мебель для общественного питания; Мебельные ткани,"улица Мендекеш Сатыбалдиева, 21",сзади ММmarket,,Рембаза м-н,,Атырау,Атырау городская администрация,Атырауская область,Казахстан,Пн: 09:00-20:00; Вт: 09:00-20:00; Ср: 09:00-20:00; Чт: 09:00-20:00; Пт: 09:00-20:00; Сб: 09:00-20:00; Вс: 09:00-20:00 (по предварительному звонку:),+05:00,5.0,10,87023226945,,,,,,,https://instagram.com/sheber_dos,,,https://wa.me/77023226945,,,,,,47.086101,51.860711,https://2gis.com/firm/70000001068517873,branch
Brand Mebel Atyrau,,Мебель на заказ; Мебель для кухни; Мягкая мебель; Корпусная мебель,"проспект Султана Бейбарыса, 479",,,Нурсая м-н,,Атырау,Атырау городская администрация,Атырауская область,Казахстан,,+05:00,2.0,1,87019864343,,,,,,,https://instagram.com/brandmebel_atyrau,,,https://wa.me/77019864343,,,,,,47.118653,51.843297,https://2gis.com/firm/70000001087618864,branch
AisDi,организация по производству мебели на заказ,Мебель на заказ; Мебель для кухни,"36-я улица, 38",,,Оркен 2 м-н,,Атырау,Атырау городская администрация,Атырауская область,Казахстан,,+05:00,5.0,1,87779975341,,,,,,,https://instagram.com/aisdi_mebel,,,,,,,,,47.091669,51.842608,https://2gis.com/firm/70000001094103016,branch
SR-design,мебельная компания,Мебель на заказ; Садово-парковая мебель; Плетёные изделия; Мебельные магазины; Мебель для общественного питания; Офисная мебель; Мебель для культурно-досуговых учреждений; Дизайн интерьеров; Мягкая мебель; Стеллажи / Витрины; Детская мебель; Корпусная мебель; Мебель из стекла,"улица Алтынколь, 12а",,,Акжайык м-н,,Атырау,Атырау городская администрация,Атырауская область,Казахстан,"Вт: 10:00-13:00, 14:00-19:00; Ср: 10:00-13:00, 14:00-19:00; Чт: 10:00-13:00, 14:00-19:00; Пт: 10:00-13:00, 14:00-19:00; Сб: 10:00-13:00, 14:00-19:00; Вс: 10:00-13:00, 14:00-19:00",+05:00,4.0,4,87089367403,87780030422,,,,http://sr-design.kz,http://srdesign.satu.kz/,https://instagram.com/sr_design_kz,https://facebook.com/people/SILK-ROAD-Designkz/61558506135527,,https://wa.me/77089367403,https://wa.me/77780030422,,,,,47.070372,51.881933,https://2gis.com/firm/70000001084555650,branch
Adai Jihaz,организация по производству мебели на заказ,Мебель на заказ; Мебель для кухни,"улица Алпысбая Калменулы, 11",,,Балауса м-н,,Атырау,Атырау городская администрация,Атырауская область,Казахстан,Пн: 00:00-24:00; Вт: 00:00-24:00; Ср: 00:00-24:00; Чт: 00:00-24:00; Пт: 00:00-24:00; Сб: 00:00-24:00; Вс: 00:00-24:00,+05:00,,,87765884887,,,,,,,https://instagram.com/adai_jihaz,,,https://wa.me/77765884887,,,,,,47.071509,51.834931,https://2gis.com/firm/70000001096800465,branch
Мебельный склад,ИП Ондасынов А.А.,Мебель на заказ; Матрасы; Мягкая мебель,"улица Кайырлы Есенгенжин, 5",,,Жулдыз м-н,,Атырау,Атырау городская администрация,Атырауская область,Казахстан,Пн: 10:00-19:00; Вт: 10:00-19:00; Ср: 10:00-19:00; Чт: 10:00-19:00; Пт: 10:00-19:00; Сб: 10:00-19:00; Вс: 10:00-19:00 (по предварительному звонку: пн-вс),+05:00,,,87754828410,,,,,,,https://instagram.com/divan_atyrau_06,,,https://wa.me/77754828410,,,,,,47.149479,51.976345,https://2gis.com/firm/70000001063027583,branch
Ерасыл Мебель,,Мебель на заказ; Мебель для кухни; Корпусная мебель,"проспект Исатая Тайманова, 132",,,Атырау м-н,,Атырау,Атырау городская администрация,Атырауская область,Казахстан,Пн: 09:00-21:00; Вт: 09:00-21:00; Ср: 09:00-21:00; Чт: 09:00-21:00; Пт: 09:00-21:00; Сб: 09:00-21:00; Вс: 09:00-21:00,+05:00,5.0,1,87780858500,,,,,,,https://instagram.com/mebel_atyrau_erasyl,,,https://wa.me/77780858500,,,,,,47.139608,51.89618,https://2gis.com/firm/70000001044694146,branch
Fatima,компания по изготовлению мебели под заказ,Мебель на заказ; Корпусная мебель,"Северная промышленная зона, 57Б",1 этаж,,,,Атырау,Атырау городская администрация,Атырауская область,Казахстан,Пн: 09:00-18:00; Вт: 09:00-18:00; Ср: 09:00-18:00; Чт: 09:00-18:00; Пт: 09:00-18:00; Сб: 09:00-18:00; Вс: 09:00-18:00,+05:00,,,87016163366,,,,,,,https://instagram.com/fatima_mebel_atyrau,,,https://wa.me/77016163366,,,,,,47.138455,51.878509,https://2gis.com/firm/70000001057840908,branch
Sheber,компания по изготовлению мебели на заказ,Мебель на заказ; Корпусная мебель,"улица Курмангазы, 72а",1 этаж,,Жеруйык м-н,,Атырау,Атырау городская администрация,Атырауская область,Казахстан,Пн: 10:00-18:00; Вт: 10:00-18:00; Чт: 10:00-18:00; Пт: 10:00-18:00; Сб: 10:00-18:00,+05:00,,,87760605757,,,,,,,https://instagram.com/sheber_mebel_atyrau,,,https://wa.me/77760605757,,,,,,47.115798,51.886536,https://2gis.com/firm/70000001086918526,branch
Анель,мебельный цех,Мебель на заказ; Мебельные фабрики,,,,,,Атырау,Атырау городская администрация,Атырауская область,Казахстан,"Пн: 10:00-13:00, 14:00-18:00; Вт: 10:00-13:00, 14:00-18:00; Ср: 10:00-13:00, 14:00-18:00; Чт: 10:00-13:00, 14:00-18:00; Пт: 10:00-13:00, 14:00-18:00",+05:00,,,87011488687 (Гаухар),,,,,,,,,,https://wa.me/77011488687,,,,,,47.139559,51.881736,https://2gis.com/firm/70000001089999624,branch
Rumiya,компания по изготовлению мебели под заказ,Мебель на заказ; Мебель для кухни; Корпусная мебель; Декоративные отделочные элементы и материалы; Мебель для ванных комнат,"улица Сырым Датова, 69",,,Ак Депо м-н,,Атырау,Атырау городская администрация,Атырауская область,Казахстан,"Вт: 10:00-13:00, 14:00-19:00; Ср: 10:00-13:00, 14:00-19:00; Чт: 10:00-13:00, 14:00-19:00; Пт: 10:00-13:00, 14:00-19:00; Сб: 10:00-13:00, 14:00-19:00",+05:00,3.0,2,87023620181,,,,,,,https://instagram.com/rumiya_mebel,,,https://wa.me/77023620181,,,,,,47.105736,51.946024,https://2gis.com/firm/70000001069254429,branch
Dream mebel,магазин мебели,Мебель на заказ; Мебель для кухни; Мебель для ванных комнат; Корпусная мебель; Детская мебель; Офисная мебель,,,,,,Атырау,Атырау городская администрация,Атырауская область,Казахстан,Пн: 10:00-19:00; Вт: 10:00-19:00; Ср: 10:00-19:00; Чт: 10:00-19:00; Пт: 10:00-19:00; Сб: 10:00-19:00; Вс: 10:00-19:00,+05:00,1.9,3,87750195151,,,,,,,https://instagram.com/atyrau_dream_mebel,,,https://wa.me/77750195151,,,,,,,,https://2gis.com/firm/70000001075176334,branch
Linkor,компания по изготовлению мебели под заказ,Мебель на заказ; Мебель для кухни; Офисная мебель; Детская мебель; Изделия из камня для помещений; Корпусная мебель; Мебель для ванных комнат,"улица Ширина, 47Б",,,Ширина,,Атырау,Атырау городская администрация,Атырауская область,Казахстан,Пн: 10:00-19:00; Вт: 10:00-19:00; Ср: 10:00-19:00; Чт: 10:00-19:00; Пт: 10:00-19:00; Сб: 10:00-19:00,+05:00,,,87022546445,87026548773,,,,,,https://instagram.com/linkor_mebel_atyrau,,,https://wa.me/77026548773,https://wa.me/77022546445,,,,,47.059454,51.876576,https://2gis.com/firm/70000001092021445,branch
Осман,компания по изготовлению мебели,Мебель на заказ; Мебель для кухни; Мягкая мебель,"9-я улица, 3",,,Оркен 2 м-н,,Атырау,Атырау городская администрация,Атырауская область,Казахстан,Пн: 00:00-24:00; Вт: 00:00-24:00; Ср: 00:00-24:00; Чт: 00:00-24:00; Пт: 00:00-24:00; Сб: 00:00-24:00; Вс: 00:00-24:00,+05:00,,,87012386138,,,,,,,,,,https://wa.me/77012386138,,,,,,47.086592,51.84014,https://2gis.com/firm/70000001076639430,branch
Arte,мебельный салон,Мебель на заказ; Корпусная мебель; Мебель для кухни,"проспект Азаттык, 123",1 этаж,,,,Атырау,Атырау городская администрация,Атырауская область,Казахстан,"Пн: 10:00-13:00, 14:00-19:00; Вт: 10:00-13:00, 14:00-19:00; Ср: 10:00-13:00, 14:00-19:00; Чт: 10:00-13:00, 14:00-19:00; Пт: 10:00-13:00, 14:00-19:00; Сб: 10:00-13:00, 14:00-19:00; Вс: 10:00-13:00, 14:00-19:00",+05:00,,,,,,,,,,,,,,,,,,,47.089774,51.91349,https://2gis.com/firm/70000001034927851,branch
ТРИО,студия мебели,Мебель на заказ; Корпусная мебель; Детская мебель; Мебель для учебных и дошкольных учреждений,,,,,,Атырау,Атырау городская администрация,Атырауская область,Казахстан,Пн: 10:00-19:00; Вт: 10:00-19:00; Ср: 10:00-19:00; Чт: 10:00-19:00; Пт: 10:00-19:00; Сб: 10:00-19:00,+05:00,1.0,1,87021124455,,,,,,,https://instagram.com/sm_trio_atyrau,,,https://wa.me/77021124455,,,,,,,,https://2gis.com/firm/70000001034981873,branch
КухниСтрой,компанию по производству мебели на заказ,Мебель на заказ; Мебель для кухни; Мебель для ванных комнат; Детская мебель; Корпусная мебель; Офисная мебель,"улица Сырым Датова, 191",1 этаж,,,,Атырау,Атырау городская администрация,Атырауская область,Казахстан,Пн: 10:00-18:00; Вт: 10:00-18:00; Ср: 10:00-18:00; Чт: 10:00-18:00; Пт: 10:00-18:00; Сб: 10:00-16:00,+05:00,5.0,2,87784053084,,,,,,,https://instagram.com/kuhnistroi_atyrau,,,https://wa.me/77784053084,,,,,,47.122219,51.959433,https://2gis.com/firm/70000001034992211,branch
Мебельный салон,ИП Султанби,Мебель на заказ; Мебель для культурно-досуговых учреждений; Мягкая мебель; Корпусная мебель; Мебель для кухни; Мебельные магазины,"проспект Султана Бейбарыса, 45Б/2",,,,,Атырау,Атырау городская администрация,Атырауская область,Казахстан,Пн: 09:00-18:00; Вт: 09:00-18:00; Ср: 09:00-18:00; Чт: 09:00-18:00; Пт: 09:00-18:00; Сб: 09:00-18:00; Вс: 09:00-18:00,+05:00,,,87018913300,,,,,,,https://instagram.com/sultanbi_mebel,,,,,,,,,47.124771,51.955085,https://2gis.com/firm/70000001076584999,branch
Гольфстрим,мебельная компания,Мебель на заказ; Мебель для кухни; Мебельные фасады; Офисная мебель; Корпусная мебель,"Махамбета Утемисова улица, 100",15 офис; 1 этаж,,,,Атырау,Атырау городская администрация,Атырауская область,Казахстан,Пн: 10:00-18:00; Вт: 10:00-18:00; Ср: 10:00-18:00; Чт: 10:00-18:00; Пт: 10:00-19:00; Сб: 10:00-15:00,+05:00,,,,,,,,,,,,,,,,,,,47.113376,51.928862,https://2gis.com/firm/70000001035507175,branch
Miseker,офис,Мебель на заказ; Корпусная мебель; Мебель для кухни; Детская мебель; Офисная мебель,"проспект Азаттык, 74в",1-2 этаж,,,,Атырау,Атырау городская администрация,Атырауская область,Казахстан,"Пн: 10:00-13:00, 14:00-18:00; Вт: 10:00-13:00, 14:00-18:00; Ср: 10:00-13:00, 14:00-18:00; Чт: 10:00-13:00, 14:00-18:00; Пт: 10:00-13:00, 14:00-18:00",+05:00,,,87756622266,,,,,,,https://instagram.com/mebel_miseker,,,https://wa.me/77756622266,,,,https://t.me/krasnoderevchik,,47.089122,51.916996,https://2gis.com/firm/70000001046538392,branch
Карт Бланш,Производственно-складская база,Мебель на заказ; Корпусная мебель,"улица Отешкали Атамбаев, 62",,,,,Атырау,Атырау городская администрация,Атырауская область,Казахстан,"Пн: 09:00-13:00, 14:00-18:00; Вт: 09:00-13:00, 14:00-18:00; Ср: 09:00-13:00, 14:00-18:00; Чт: 09:00-13:00, 14:00-18:00; Пт: 09:00-13:00, 14:00-18:00; Сб: 09:00-13:00, 14:00-18:00",+05:00,,,,,,,,,,,,,,,,,,,47.085799,51.93321,https://2gis.com/firm/70000001035508229,branch
RAV-Service,СТО,Мебель на заказ; Легковой автосервис; Кузовной ремонт; Замена масла; Мебель для кухни; Офисная мебель,"улица Арона Аюпова, 73",,,Жулдыз м-н,,Атырау,Атырау городская администрация,Атырауская область,Казахстан,Пн: 09:00-20:00; Вт: 09:00-20:00; Ср: 09:00-20:00; Чт: 09:00-20:00; Пт: 09:00-20:00; Сб: 09:00-20:00; Вс: 09:00-20:00,+05:00,5.0,1,87758457777,,,,,,,,,,https://wa.me/77758457777,,,,,,47.159116,51.998567,https://2gis.com/firm/70000001040635357,branch
АлиСпецСервис,мебельная компания,Мебель на заказ; Мебель для кухни; Корпусная мебель; Офисная мебель; Детская мебель,"улица Арона Аюпова, 9а",,,Жулдыз м-н,,Атырау,Атырау городская администрация,Атырауская область,Казахстан,Пн: 08:00-20:00; Вт: 08:00-20:00; Ср: 08:00-20:00; Чт: 08:00-20:00; Пт: 08:00-20:00; Сб: 08:00-20:00; Вс: 08:00-20:00 (по предварительной записи: вс),+05:00,5.0,5,87007779090,87014100141,,,,,,https://instagram.com/mebel_atyrau_acc,,,https://wa.me/77007779090,https://wa.me/77014100141,,,,,47.150914,51.976936,https://2gis.com/firm/70000001044835714,branch
Storage systems,магазин металлической мебели,Мебель на заказ; Стеллажи / Витрины; Сейфы; Металлическая мебель; Торгово-выставочное оборудование; Корпусная мебель; Мебельная фурнитура; Офисная мебель; Бытовая техника; Противопожарное оборудование; Мебель для общественного питания; Техника для склада; Холодильное оборудование; Матрасы; Оборудование для общественного питания; Медицинские приборы; Входные двери,"проспект Султана Бейбарыса, 428",,,Самал м-н,,Атырау,Атырау городская администрация,Атырауская область,Казахстан,Пн: 09:00-18:00; Вт: 09:00-18:00; Ср: 09:00-18:00; Чт: 09:00-18:00; Пт: 09:00-18:00; Сб: 10:00-15:00 (по предварительной записи: пн-сб 9:00-18:00),+05:00,4.8,18,87021899010 (техническая поддержка),87789207014 (отдел продаж),,,,http://storagesystems.kz,,https://instagram.com/storagesystems_atyrau,https://facebook.com/storagesystems.atyrau,,https://wa.me/77789207014,https://wa.me/77021899010,,,,,47.119459,51.875054,https://2gis.com/firm/70000001046163788,branch
Компания по изготовлению мебели под заказ,ИП Элитная мебель,Мебель на заказ; Корпусная мебель; Мебель для кухни,"микрорайон Мясокомбинат, 136в",,,Мясокомбинат м-н,,Атырау,Атырау городская администрация,Атырауская область,Казахстан,Пн: 09:00-19:00; Вт: 09:00-19:00; Ср: 09:00-19:00; Чт: 09:00-19:00; Сб: 09:00-19:00; Вс: 09:00-19:00,+05:00,,,87781603486,,,,,,,https://instagram.com/atyraumebelkz,,,https://wa.me/77781603486,,,,,,47.117158,51.951882,https://2gis.com/firm/70000001058780746,branch
Компания по изготовлению мебели на заказ,,Мебель на заказ; Мебель для кухни; Корпусная мебель,"проспект Султана Бейбарыса, 45/8",,,,,Атырау,Атырау городская администрация,Атырауская область,Казахстан,Пн: 10:00-18:00; Вт: 10:00-18:00; Ср: 10:00-18:00; Чт: 10:00-18:00; Пт: 10:00-18:00; Сб: 10:00-18:00; Вс: 10:00-18:00,+05:00,,,87781145670,87025751306,,,,,,https://instagram.com/atyrau.mebel,,,https://wa.me/77781145670,https://wa.me/77025751306,,,,,47.126144,51.957982,https://2gis.com/firm/70000001059060930,branch
Promebelatyrau,компания по изготовлению мебели на заказ,Мебель на заказ; Мебель для кухни,"микрорайон Авангард-4, 89а",,,Авангард-4 м-н,,Атырау,Атырау городская администрация,Атырауская область,Казахстан,Пн: 09:00-18:00; Вт: 09:00-18:00; Ср: 09:00-18:00; Чт: 09:00-18:00; Пт: 09:00-18:00; Сб: 09:00-18:00; Вс: 09:00-18:00,+05:00,,,,,,,,,,https://instagram.com/promebelatyrau,,,https://wa.me/77751578685,,,,,,47.097919,51.889981,https://2gis.com/firm/70000001064313035,branch
Alpamys,компания по изготовлению мебели под заказ,Мебель на заказ; Корпусная мебель,"улица Отешкали Атамбаев, 29/1",,,,,Атырау,Атырау городская администрация,Атырауская область,Казахстан,Пн: 11:00-19:00; Вт: 11:00-19:00; Ср: 11:00-19:00; Чт: 11:00-19:00; Пт: 11:00-19:00; Сб: 11:00-19:00; Вс: 11:00-19:00,+05:00,,,87020284778,,,,,,,https://instagram.com/mebel.atyrau.2020,,,https://wa.me/77020284778,,,,,,47.086979,51.928267,https://2gis.com/firm/70000001066805098,branch
Рена,мебельная студия,Мебель на заказ; Корпусная мебель; Мебель для кухни,,,,,,Атырау,Атырау городская администрация,Атырауская область,Казахстан,,+05:00,,,87014565627,,,,,,,https://instagram.com/atyrau_mebel_rena,,,https://wa.me/77014565627,,,,,,,,https://2gis.com/firm/70000001067295985,branch
Alexandra,компания по изготовлению мебели на заказ,Мебель на заказ; Детская мебель; Корпусная мебель; Мебель для кухни; Офисная мебель; Мебель для ванных комнат,,,,,,Атырау,Атырау городская администрация,Атырауская область,Казахстан,Пн: 10:00-23:00; Вт: 10:00-23:00; Ср: 10:00-23:00; Чт: 10:00-23:00; Пт: 10:00-23:00; Сб: 10:00-23:00; Вс: 10:00-23:00,+05:00,,,87079261982,,,,,,,https://instagram.com/mebel.alexandra,,,https://wa.me/77079261982,,,,,,,,https://2gis.com/firm/70000001068595435,branch
Karol,компания по изготовлению мебели под заказ,Мебель на заказ; Корпусная мебель; Мебель для кухни; Офисная мебель; Детская мебель,"микрорайон Алмагуль, 5а",126 бутик; 1 этаж,,Алмагул м-н,,Атырау,Атырау городская администрация,Атырауская область,Казахстан,Пн: 10:00-20:00; Вт: 10:00-20:00; Ср: 10:00-20:00; Чт: 10:00-20:00; Пт: 10:00-20:00; Сб: 10:00-20:00; Вс: 10:00-20:00,+05:00,,,87077888679,,,,,,,https://instagram.com/karol_mebel_atyrau,,,https://wa.me/77077888679,,,,,,47.120791,51.939594,https://2gis.com/firm/70000001075519590,branch
Матрасон,интернет-магазин,Мебель на заказ; Матрасы; Корпусная мебель,,,,,,Атырау,Атырау городская администрация,Атырауская область,Казахстан,Пн: 10:00-19:00; Вт: 10:00-19:00; Ср: 10:00-19:00; Чт: 10:00-19:00; Пт: 10:00-19:00; Сб: 10:00-19:00; Вс: 10:00-19:00,+05:00,,,87006574821,87789011715,87472956545,,,http://matrasson.kz,,https://instagram.com/matrasson_v,,,https://wa.me/77006574821,https://wa.me/77789011715,https://wa.me/77472956545,,,,,,https://2gis.com/firm/70000001076176507,branch
AJK,компания по производству мебели,Мебель на заказ; Бытовая техника; Мебель для кухни; Мебель для ванных комнат; Корпусная мебель,"Георгия Канцева улица, 1",3 бутик,,,,Атырау,Атырау городская администрация,Атырауская область,Казахстан,Пн: 10:00-19:00; Вт: 10:00-19:00; Ср: 10:00-19:00; Чт: 10:00-19:00; Пт: 10:00-19:00; Сб: 10:00-19:00; Вс: 10:00-19:00,+05:00,,,,,,,,,,https://instagram.com/smeg_ajk,,,https://wa.me/77016916666,,,,,,47.106794,51.934154,https://2gis.com/firm/70000001076541374,branch
Pro100 mebel,компания по изготовлению мебели на заказ,Мебель на заказ; Мебель для кухни; Мебель для ванных комнат; Корпусная мебель,"проспект Мухтара Ауэзова, 78/4",,,,,Атырау,Атырау городская администрация,Атырауская область,Казахстан,Пн: 10:00-19:00; Вт: 10:00-19:00; Ср: 10:00-19:00; Чт: 10:00-19:00; Пт: 10:00-19:00; Сб: 10:00-19:00,+05:00,,,87017580205,,,,,,,https://instagram.com/pro_100mebel,,,https://wa.me/77017580205,,,,,,47.080371,51.91695,https://2gis.com/firm/70000001081585814,branch
D_dominus,мебельный магазин,Мебель на заказ; Корпусная мебель; Мебельные магазины,"улица Сырым Датова, 54",,,,,Атырау,Атырау городская администрация,Атырауская область,Казахстан,Пн: 10:00-19:00; Вт: 10:00-19:00; Ср: 10:00-19:00; Чт: 10:00-19:00; Пт: 10:00-19:00; Сб: 10:00-19:00; Вс: 10:00-19:00,+05:00,,,87788055230,,,,,,,https://instagram.com/d_dominus_,,,https://wa.me/77788055230,,,,,,47.104454,51.944258,https://2gis.com/firm/70000001083819547,branch
mebelmarket_06,,Мебель на заказ; Мебель для кухни; Детская мебель; Мебель для салонов красоты,"улица Курмангазы, 119",,,,,Атырау,Атырау городская администрация,Атырауская область,Казахстан,Пн: 09:00-19:00; Вт: 09:00-19:00; Ср: 09:00-19:00; Чт: 09:00-19:00; Пт: 09:00-19:00; Сб: 09:00-19:00,+05:00,,,87753834707,,,,,,,https://instagram.com/mebelmarket_06,,,https://wa.me/77753834707,,,,,,47.125732,51.890702,https://2gis.com/firm/70000001084546645,branch
Monte mebel,,Мебель на заказ; Мебель для кухни; Корпусная мебель,,,,,,Атырау,Атырау городская администрация,Атырауская область,Казахстан,Пн: 09:00-19:00; Вт: 09:00-19:00; Ср: 09:00-19:00; Чт: 09:00-19:00; Пт: 09:00-19:00; Сб: 09:00-19:00; Вс: 09:00-19:00,+05:00,,,,,,,,,,https://instagram.com/monte.mebel.atyrau,,,,,,,,,,,https://2gis.com/firm/70000001088090218,branch
Real Master,,Мебель на заказ; Мебель для кухни; Интерьерные лестницы,,,,,,Атырау,Атырау городская администрация,Атырауская область,Казахстан,,+05:00,,,,,,,,,,https://instagram.com/real_master.atyrau,,,https://wa.me/77760556620,,,,,,,,https://2gis.com/firm/70000001089660933,branch
Goldenhouse_atyrau,​компания по изготовлению мебели под заказ,Мебель на заказ; Мебель для кухни,,,,,,Атырау,Атырау городская администрация,Атырауская область,Казахстан,,+05:00,,,,,,,,,,https://instagram.com/Goldenhouse_atyrau,,,,,,,,,,,https://2gis.com/firm/70000001092021674,branch
Mebelyard,компания по производству мебели на заказ,Мебель на заказ; Мебельные фабрики; Мебель для кухни,,,,,,Атырау,Атырау городская администрация,Атырауская область,Казахстан,Пн: 00:00-24:00; Вт: 00:00-24:00; Ср: 00:00-24:00; Чт: 00:00-24:00; Пт: 00:00-24:00; Сб: 00:00-24:00; Вс: 00:00-24:00,+05:00,,,87076661166,,,,,,,https://instagram.com/mebelyard.kz,,,https://wa.me/77076661166,,,,,,,,https://2gis.com/firm/70000001092867979,branch
Modena,студия мебели,Мебель на заказ; Мебель для кухни; Мебель для ванных комнат,"проезд Жиренше Шешен, 25",,,Кара депо м-н,,Атырау,Атырау городская администрация,Атырауская область,Казахстан,Пн: 10:00-19:00; Вт: 10:00-19:00; Ср: 10:00-19:00; Чт: 10:00-19:00; Пт: 10:00-19:00; Сб: 10:00-19:00; Вс: 10:00-19:00,+05:00,1.0,1,87081070232,,,,,,,https://instagram.com/modena_mebel_atyrau,,,https://wa.me/77081070232,,,,,,47.099353,51.950297,https://2gis.com/firm/70000001093948479,branch
Samstonesurface,производственная фирма,Мебель на заказ; Мебель для кухни,,,,,,Атырау,Атырау городская администрация,Атырауская область,Казахстан,Пн: 09:00-19:00; Вт: 09:00-19:00; Ср: 09:00-19:00; Чт: 09:00-19:00; Пт: 09:00-19:00; Сб: 09:00-19:00; Вс: 09:00-19:00,+05:00,,,,,,,,,,https://instagram.com/Samstonesurface,,,,,,,,,,,https://2gis.com/firm/70000001094203179,branch
Bastau home,компания по продаже мебели,Мебель на заказ; Корпусная мебель,"улица Борана Нысанбаева, 48",2 этаж,,,,Атырау,Атырау городская администрация,Атырауская область,Казахстан,,+05:00,,,87471812881,87029159891,,,,,,https://instagram.com/bastau_home,,,,,,,,,47.122992,51.909507,https://2gis.com/firm/70000001096965261,branch
Furniture_service_06,,Мебель на заказ; Корпусная мебель; Офисная мебель; Мебель для кухни,"проспект Зейноллы Кабдолова, 2а",,,,,Атырау,Атырау городская администрация,Атырауская область,Казахстан,Пн: 10:00-19:00; Вт: 10:00-19:00; Ср: 10:00-19:00; Чт: 10:00-19:00; Пт: 10:00-19:00; Сб: 10:00-19:00; Вс: 10:00-19:00,+05:00,,,87711142448,,,,,,,https://instagram.com/furniture_service_06,,,https://wa.me/77711142448,,,,,,47.075199,51.915694,https://2gis.com/firm/70000001098549601,branch
Akbota jihaz studiasy,,Мебель на заказ; Мебель для кухни,"Бактыгерея Кулманова улица, 105а",3 этаж,,,,Атырау,Атырау городская администрация,Атырауская область,Казахстан,Пн: 10:00-18:00; Вт: 10:00-18:00; Ср: 10:00-18:00; Чт: 10:00-18:00; Пт: 10:00-18:00; Сб: 10:00-18:00; Вс: 10:00-18:00,+05:00,,,87054017770,,,,,,,https://instagram.com/akbota_jihaz_studiasy,,,https://wa.me/77054017770,,,,,,47.108633,51.901955,https://2gis.com/firm/70000001098552738,branch
Fregata,компания по изготовлению мебели под заказ,Мебель на заказ; Корпусная мебель; Офисная мебель; Мебель для кухни,"улица Толесина Алиева, 8а/2",,,Лесхоз м-н,,Атырау,Атырау городская администрация,Атырауская область,Казахстан,Пн: 09:00-20:00; Вт: 09:00-20:00; Ср: 09:00-20:00; Чт: 09:00-20:00; Пт: 09:00-20:00; Сб: 09:00-20:00,+05:00,,,87026004408,,,,,,,https://instagram.com/mebel_fregata,,,https://wa.me/77026004408,,,,,,47.097053,51.863018,https://2gis.com/firm/70000001049845050,branch
Komfort jihaz,компания по изготовлению мебели под заказ,Мебель на заказ; Корпусная мебель; Мебель для кухни,"20-я улица, 60а",,,Рембаза м-н,,Атырау,Атырау городская администрация,Атырауская область,Казахстан,Пн: 10:00-18:00; Вт: 10:00-18:00; Ср: 10:00-18:00; Чт: 10:00-18:00; Пт: 10:00-18:00; Сб: 10:00-18:00,+05:00,,,87122206941,87015245926,87084206941,,,,,,,,https://wa.me/77015245926,https://wa.me/77084206941,,,,,47.088019,51.862551,https://2gis.com/firm/70000001053132039,branch
Zlata,компания по изготовлению мебели на заказ,Мебель на заказ; Мебельная фурнитура,"проспект Азаттык, 86",,,,,Атырау,Атырау городская администрация,Атырауская область,Казахстан,Пн: 09:00-18:00; Вт: 09:00-18:00; Ср: 09:00-18:00; Чт: 09:00-18:00; Пт: 09:00-18:00; Сб: 09:00-16:00,+05:00,,,87011933231,,,,,,,https://instagram.com/mebel_zlata_atyrau,,,https://wa.me/77011933231,,,,,,47.088964,51.913326,https://2gis.com/firm/70000001087636849,branch
Mebelani,компания по изготовлению мебели на заказ,Мебель на заказ; Мебель для кухни; Корпусная мебель,"улица Ыбыраша Альжанова, 31",,,Балауса м-н,,Атырау,Атырау городская администрация,Атырауская область,Казахстан,"Пн: 09:00-13:00, 14:00-18:00; Вт: 09:00-13:00, 14:00-18:00; Ср: 09:00-13:00, 14:00-18:00; Чт: 09:00-13:00, 14:00-18:00; Пт: 09:00-13:00, 14:00-18:00; Сб: 09:00-16:00",+05:00,,,87022314908,,,,,,,https://instagram.com/zakaz_kuhni_shkafi,,,https://wa.me/77022314908,,,,https://t.me/+77022314908,,47.057442,51.828321,https://2gis.com/firm/70000001079602135,branch
Жиhaз.kz,компания по изготовлению мебели под заказ,Мебель на заказ; Корпусная мебель,"улица Бекет-ата, 137",,,Балауса м-н,,Атырау,Атырау городская администрация,Атырауская область,Казахстан,"Пн: 09:00-13:00, 14:00-18:00; Вт: 09:00-13:00, 14:00-18:00; Ср: 09:00-13:00, 14:00-18:00; Чт: 09:00-13:00, 14:00-18:00; Пт: 09:00-13:00, 14:00-18:00; Сб: 09:00-13:00, 14:00-18:00",+05:00,5.0,1,87751234003,,,,,,,,,,https://wa.me/77751234003,,,,,,47.054862,51.825534,https://2gis.com/firm/70000001035874161,branch
Империя,компания по изготовлению мебели на заказ,Мебель на заказ; Мебель для ванных комнат; Мебель для кухни; Детская мебель; Мебельные магазины; Изделия из камня для помещений; Корпусная мебель; Мебель для культурно-досуговых учреждений; Медицинская и лабораторная мебель; Мебель для общественного питания; Мебель для учебных и дошкольных учреждений; Мебель для салонов красоты; Торгово-выставочное оборудование; Мебель из стекла; Офисная мебель; Стекло / Зеркала; Стеновые панели; Стеллажи / Витрины,"микрорайон Береке, 21",,,Береке м-н,,Атырау,Атырау городская администрация,Атырауская область,Казахстан,Пн: 10:00-19:00; Вт: 10:00-19:00; Ср: 10:00-19:00; Чт: 10:00-19:00; Пт: 10:00-19:00; Сб: 10:00-19:00; Вс: 10:00-19:00,+05:00,5.0,25,87012607095,,,,,,,https://instagram.com/imperiya_zhihaz_atyrau,https://facebook.com/imperia_mebeli,,https://wa.me/77012607095,,,,,,47.139605,51.955053,https://2gis.com/firm/70000001063611998,branch
Компания по изготовлению мебели на заказ,ИП Нур-ай,Мебель на заказ; Мебель для кухни,,,,,,,Атырау городская администрация,Атырауская область,Казахстан,Пн: 09:00-20:00; Вт: 09:00-20:00; Ср: 09:00-20:00; Чт: 09:00-20:00; Пт: 09:00-20:00; Сб: 09:00-20:00; Вс: 09:00-20:00,+05:00,,,87051261616,,,,,,,,,,https://wa.me/77782086816,https://wa.me/77051261616,,,,,46.998609,51.813681,https://2gis.com/firm/70000001065517255,branch
Korkem_zhihaz,,Мебель на заказ; Корпусная мебель,"улица Стадионная, 10а",,,,,,Атырау городская администрация,Атырауская область,Казахстан,,+05:00,,,87751988548,87474310488,87024443595,,,,,https://instagram.com/korkem__zhihaz,,,https://wa.me/77024443595,,,,,,46.962168,51.765318,https://2gis.com/firm/70000001091780444,branch
Frendom,мебельный салон,Мебель на заказ; Мягкая мебель; Ковры; Мебельные магазины,"улица Сырым Датова, 64",2 этаж,,,,Атырау,Атырау городская администрация,Атырауская область,Казахстан,Пн: 10:00-20:00; Вт: 10:00-20:00; Ср: 10:00-20:00; Чт: 10:00-20:00; Пт: 10:00-20:00; Сб: 10:00-20:00; Вс: 10:00-20:00,+05:00,3.0,2,87052600060,,,,,http://atyrau.frendom.ru/,,https://instagram.com/frendom_atyrau,,,https://wa.me/77052600060,,,,,,47.106553,51.948172,https://2gis.com/firm/70000001048925184,branch
Диас,компания по изготовлению мебели под заказ,Мебель на заказ; Мебель для кухни; Мягкая мебель,"проспект Каныша Сатпаева, 50а",,,,,Атырау,Атырау городская администрация,Атырауская область,Казахстан,Пн: 10:00-18:00; Вт: 10:00-18:00; Ср: 10:00-18:00; Чт: 10:00-18:00; Пт: 10:00-18:00; Сб: 10:00-18:00; Вс: 10:00-18:00,+05:00,,,87028380423,,,,,,,,,,,,,,,,47.103581,51.889588,https://2gis.com/firm/70000001082886793,branch
Темирлан-А,мебельный салон,Мебельные магазины; Мебель для кухни; Мягкая мебель; Корпусная мебель; Детская мебель; Матрасы; Мебель для культурно-досуговых учреждений; Мебельная фурнитура; Мебель из стекла,"улица Сырым Датова, 201а",1 этаж,,,,Атырау,Атырау городская администрация,Атырауская область,Казахстан,Пн: 10:00-19:00; Вт: 10:00-19:00; Ср: 10:00-19:00; Чт: 10:00-19:00; Пт: 10:00-19:00; Сб: 10:00-19:00; Вс: 10:00-19:00,+05:00,4.7,35,87751105070,87011005070,87783283831,,,,,https://instagram.com/temirlan.furniture,,,https://wa.me/77011005070,https://wa.me/77783283831,,,,,47.125114,51.959713,https://2gis.com/firm/70000001035526303,branch
Темирлан-А,мебельный салон,Мебель для кухни; Корпусная мебель; Детская мебель; Матрасы; Мягкая мебель,"улица Насыпкали Кобданова, 8",,,,,Атырау,Атырау городская администрация,Атырауская область,Казахстан,Пн: 10:00-19:00; Вт: 10:00-19:00; Ср: 10:00-19:00; Чт: 10:00-19:00; Пт: 10:00-19:00; Сб: 10:00-19:00; Вс: 10:00-19:00,+05:00,4.7,33,87011005070,87757720010,87751105070,,,,,https://instagram.com/temirlan.furniture,,,https://wa.me/77757720010,https://wa.me/77011005070,,,,,47.128383,51.938114,https://2gis.com/firm/70000001076468058,branch
Акбота,мебельный салон,Мебельные магазины; Мебель для культурно-досуговых учреждений; Детская мебель; Корпусная мебель; Мебель для кухни,"проспект Султана Бейбарыса, 14",,,Привокзальный-3 м-н,,Атырау,Атырау городская администрация,Атырауская область,Казахстан,Пн: 09:30-19:00; Вт: 09:30-19:00; Ср: 09:30-19:00; Чт: 09:30-19:00; Пт: 09:30-19:00; Сб: 09:30-19:00; Вс: 09:30-19:00,+05:00,3.7,3,87122366225,87012220885,87759525123,,,,,https://instagram.com/akbota_mebel_atyrau,,,https://wa.me/77012220885,https://wa.me/77759525123,https://wa.me/77022149191,,,,47.12466,51.951874,https://2gis.com/firm/70000001035236166,branch
Даниял ,мебельный дом,Мебельные магазины; Мебель для кухни; Мягкая мебель; Детская мебель; Корпусная мебель; Матрасы,"трасса Атырау-Доссор, 3/5",,,Мунайшы ж/м,,Атырау,Атырау городская администрация,Атырауская область,Казахстан,Пн: 09:00-19:00; Вт: 09:00-19:00; Ср: 09:00-19:00; Чт: 09:00-19:00; Пт: 09:00-19:00; Сб: 09:00-19:00; Вс: 09:00-19:00,+05:00,3.3,16,87122319896,,,,,,,https://instagram.com/mebelnyidomdaniyal_official,https://facebook.com/MebelnyiDomDaniyal,,,,,,,,47.140226,51.941729,https://2gis.com/firm/70000001035726968,branch
АЙЫМ МЕБЕЛЬ,мебельный салон,Мебель для кухни; Мягкая мебель; Мебель для общественного питания; Мебель из стекла,"улица Курмангазы, 72а",1 бутик; 1 этаж,,Жеруйык м-н,,Атырау,Атырау городская администрация,Атырауская область,Казахстан,Пн: 10:00-19:00; Вт: 10:00-19:00; Ср: 10:00-19:00; Чт: 10:00-19:00; Пт: 10:00-19:00; Сб: 10:00-19:00; Вс: 10:00-19:00,+05:00,4.8,9,87010323322,87756855571,,,,,,https://instagram.com/mebel.atyrau.aiym,,,https://wa.me/77010323322,https://wa.me/77756855571,,,,,47.115928,51.886566,https://2gis.com/firm/70000001034900748,branch
Ideal mebel,мебельный магазин,Мебельные магазины; Мебель для кухни; Корпусная мебель,"проспект Султана Бейбарыса, 31а",2 этаж,,Мясокомбинат м-н,,Атырау,Атырау городская администрация,Атырауская область,Казахстан,Пн: 10:00-19:00; Вт: 10:00-19:00; Ср: 10:00-19:00; Чт: 10:00-19:00; Пт: 10:00-19:00; Сб: 10:00-19:00; Вс: 10:00-19:00,+05:00,5.0,1,87759409399,87781711455,,,,,,https://instagram.com/ideal_mebel_atyrau,,,https://wa.me/77759409399,,,,,,47.118088,51.944844,https://2gis.com/firm/70000001092743542,branch
Aiara,мебельный салон,Мебель для кухни; Мягкая мебель; Корпусная мебель; Детская мебель,"улица Курмангазы, 39",2 этаж,,Лесхоз м-н,,Атырау,Атырау городская администрация,Атырауская область,Казахстан,Пн: 09:00-19:00; Вт: 09:00-19:00; Ср: 09:00-19:00; Чт: 09:00-19:00; Пт: 09:00-19:00; Сб: 09:00-19:00; Вс: 09:00-19:00,+05:00,,,87751565600,,,,,,,https://instagram.com/mebel.aiara.atyrau,,,https://wa.me/77751565600,,,,,,47.097973,51.874516,https://2gis.com/firm/70000001080820165,branch
Асар,торговый дом,Мебель для кухни; Бытовая техника; Корпусная мебель; Мягкая мебель; Посуда,"улица Сырым Датова, 186",,,СМП-163 м-н,,Атырау,Атырау городская администрация,Атырауская область,Казахстан,Пн: 10:00-19:00; Вт: 10:00-19:00; Ср: 10:00-19:00; Чт: 10:00-19:00; Пт: 10:00-19:00; Сб: 10:00-19:00; Вс: 10:00-19:00,+05:00,2.8,2,87122368556,87014918281,,,,,,https://instagram.com/td_asar,,,https://wa.me/77014918281,,,,,,47.121484,51.960247,https://2gis.com/firm/70000001035554568,branch
Ару,мебельный салон,Мебельные магазины; Мебель для кухни; Мягкая мебель; Корпусная мебель; Детская мебель,"трасса Атырау-Доссор, 46",,,Береке м-н,,Атырау,Атырау городская администрация,Атырауская область,Казахстан,Пн: 10:00-19:00; Вт: 10:00-19:00; Ср: 10:00-19:00; Чт: 10:00-19:00; Пт: 10:00-19:00; Сб: 10:00-19:00; Вс: 10:00-19:00,+05:00,2.1,6,87789759191,,,,,,,https://instagram.com/aru_mebel_atyrau,,,https://wa.me/77789759191,,,,,,47.143616,51.959551,https://2gis.com/firm/70000001035801356,branch
DomIdea ИКЕА,,Мебель для кухни; Посуда; Аксессуары для ванных комнат,"проспект Султана Бейбарыса, 45Б",15 бутик; 1 этаж,,,,Атырау,Атырау городская администрация,Атырауская область,Казахстан,Пн: 10:00-18:30; Вт: 10:00-18:30; Ср: 10:00-18:30; Чт: 10:00-18:30; Пт: 10:00-18:30; Сб: 10:00-18:30; Вс: 10:00-18:30,+05:00,,,87021991412,,,,,,,https://instagram.com/domidea_dina,,,https://wa.me/77021991412,,,,,,47.125095,51.95367,https://2gis.com/firm/70000001056013744,branch
Light home,,Мебель для кухни; Светотехника; Мягкая мебель; Офисная мебель; Художественные товары,"проспект Абулхайр-хана, 63 блок 7",,,Нурсая м-н,,Атырау,Атырау городская администрация,Атырауская область,Казахстан,Пн: 10:00-19:00; Вт: 10:00-19:00; Ср: 10:00-19:00; Чт: 10:00-19:00; Пт: 10:00-19:00; Сб: 10:00-19:00; Вс: 10:00-19:00,+05:00,5.0,2,87018291077,,,,,,,https://instagram.com/light_home_atyrau,,,https://wa.me/77018291077,,,,,,47.108614,51.863725,https://2gis.com/firm/70000001059934106,branch
Камилла ,мебельный салон,Мебель для кухни; Корпусная мебель; Мягкая мебель,"улица Сырым Датова, 191",2 этаж,,,,Атырау,Атырау городская администрация,Атырауская область,Казахстан,Пн: 09:00-19:00; Вт: 09:00-19:00; Ср: 09:00-19:00; Чт: 09:00-19:00; Пт: 09:00-19:00; Сб: 09:00-19:00; Вс: 09:00-19:00,+05:00,,,87072226867,,,,,,,https://instagram.com/mebel_atyrau_kamilla,,,https://wa.me/77072226867,,,,,,47.122315,51.959397,https://2gis.com/firm/70000001090284873,branch
Tak-Mebel,мебельный салон,Мебельные магазины; Мебель для кухни; Корпусная мебель; Мягкая мебель,"микрорайон Привокзальный 3а, 63а",1-2 этаж,,Привокзальный-3а м-н,,Атырау,Атырау городская администрация,Атырауская область,Казахстан,Пн: 10:00-18:30; Вт: 10:00-18:30; Ср: 10:00-18:30; Чт: 10:00-18:30; Пт: 10:00-18:30; Сб: 10:00-18:30; Вс: 10:00-18:30,+05:00,5.0,4,87785700677,87759307070,,,,,,https://instagram.com/tak_mebel_atyrau,,,https://wa.me/77785700677,https://wa.me/77759307070,,,,,47.12982,51.951373,https://2gis.com/firm/70000001035716848,branch
Мебельный салон,ИП Маулетжанова А.Е.,Мебельные магазины; Мягкая мебель; Корпусная мебель; Мебель для кухни; Матрасы,"Муса Баймуханова улица, 70Б",1 этаж,,,,Атырау,Атырау городская администрация,Атырауская область,Казахстан,Пн: 10:00-19:00; Вт: 10:00-19:00; Ср: 10:00-19:00; Чт: 10:00-19:00; Пт: 10:00-19:00; Сб: 10:00-19:00; Вс: 10:00-19:00,+05:00,5.0,3,87019037712,,,,,,,https://instagram.com/rash.mebel.atyrau,,,https://wa.me/77019037712,,,,,,47.125784,51.960893,https://2gis.com/firm/70000001035792314,branch
Байтерек,мебельный бутик,Мебель для кухни; Корпусная мебель; Детская мебель; Матрасы,"проспект Исатая Тайманова, 133/1",4 бутик; 1 ангар,,,,Атырау,Атырау городская администрация,Атырауская область,Казахстан,Вт: 10:00-18:00; Ср: 10:00-18:00; Чт: 10:00-18:00; Пт: 10:00-18:00; Сб: 10:00-18:00; Вс: 10:00-17:00,+05:00,5.0,2,87021529399,,,,,,,https://instagram.com/mebel_atyrau_bayterek,,,https://wa.me/77021529399,,,viber://chat/?number=77021529399,https://t.me/+77021529399,,47.138489,51.894668,https://2gis.com/firm/70000001035251226,branch
HRC,компания,Мебель для кухни; Посуда; Оборудование для общественного питания,"Георгия Канцева улица, 8в",1-2 этаж,,,,Атырау,Атырау городская администрация,Атырауская область,Казахстан,Пн: 08:30-18:00; Вт: 08:30-18:00; Ср: 08:30-18:00; Чт: 08:30-18:00; Пт: 08:30-18:00,+05:00,3.0,4,87122300878,87751058678,,,,http://ecober.com,,https://instagram.com/ecober_horeca,,,https://wa.me/77751058678,,,,,,47.111488,51.937432,https://2gis.com/firm/70000001035407856,branch
Мебельный салон,ИП Камешова,Мебельные магазины; Мебель для кухни; Корпусная мебель; Мягкая мебель; Детская мебель; Матрасы; Мебельная фурнитура,"Муса Баймуханова улица, 70Б",1 этаж,,,,Атырау,Атырау городская администрация,Атырауская область,Казахстан,Пн: 10:00-18:00; Вт: 10:00-18:00; Ср: 10:00-18:00; Чт: 10:00-18:00; Пт: 10:00-18:00; Сб: 10:00-18:00; Вс: 10:00-18:00,+05:00,1.0,1,87780303494,,,,,,,https://instagram.com/aridatyrau.kz,,,https://wa.me/77780303494,,,,,,47.125784,51.960893,https://2gis.com/firm/70000001035792277,branch
Shah,мебельный салон,Мебель для кухни; Корпусная мебель,"улица Сырым Датова, 54",1 этаж,,,,Атырау,Атырау городская администрация,Атырауская область,Казахстан,Пн: 10:00-19:00; Вт: 10:00-19:00; Ср: 10:00-19:00; Чт: 10:00-19:00; Пт: 10:00-19:00; Сб: 10:00-19:00; Вс: 10:00-19:00,+05:00,,,87750841001,,,,,,,https://instagram.com/shah_mebel_atyrau,,,https://wa.me/77750841001,,,,,,47.104454,51.944258,https://2gis.com/firm/70000001078823839,branch
RamiNur,салон мебели,Мебель для кухни; Корпусная мебель,"улица Курмангазы, 72а",1 этаж,,Жеруйык м-н,,Атырау,Атырау городская администрация,Атырауская область,Казахстан,Пн: 10:00-21:00; Вт: 10:00-21:00; Ср: 10:00-21:00; Чт: 10:00-21:00; Пт: 10:00-21:00; Сб: 10:00-21:00; Вс: 10:00-21:00,+05:00,,,87074505078,,,,,,,https://instagram.com/raminur_kz,,,https://wa.me/77074505078,,,,,,47.115798,51.886536,https://2gis.com/firm/70000001089627726,branch
Pro Loft,мебельный магазин,Мебель для кухни; Мягкая мебель; Корпусная мебель,"улица Отешкали Атамбаев, 77а",22 кабинет; 2 этаж,,,,Атырау,Атырау городская администрация,Атырауская область,Казахстан,,+05:00,5.0,1,87011846504,,,,,,,https://instagram.com/pro_loft_atyrau01,,,https://wa.me/77011846504,,,,,,47.09299,51.919499,https://2gis.com/firm/70000001065640784,branch
Lite Mebel,мебельный магазин столов и стульев,Мебель для кухни; Офисная мебель,"Муса Баймуханова улица, 61",,,Привокзальный-3а м-н,,Атырау,Атырау городская администрация,Атырауская область,Казахстан,,+05:00,,,87029425212,,,,,,,,,,https://wa.me/77029425212,,,,,,47.129919,51.950523,https://2gis.com/firm/70000001084535055,branch
SЭT LINE-Салауат,мебельный салон,Мебельные магазины; Матрасы; Корпусная мебель; Мебель для кухни; Детская мебель; Мягкая мебель,"улица Абая, 9",1 этаж,,,,Атырау,Атырау городская администрация,Атырауская область,Казахстан,Пн: 10:00-19:00; Вт: 10:00-19:00; Ср: 10:00-19:00; Чт: 10:00-19:00; Пт: 10:00-19:00; Сб: 10:00-19:00; Вс: 10:00-19:00,+05:00,3.7,3,87010161414,,,,,,,https://instagram.com/ortoped_matras_atyrau,,,https://wa.me/77010161414,,,,,,47.104831,51.927892,https://2gis.com/firm/70000001035629188,branch
ADF Decor,студия мебели,Мебель для кухни; Мягкая мебель; Корпусная мебель; Детская мебель; Офисная мебель,"микрорайон Нурсая, 73",,,Нурсая м-н,,Атырау,Атырау городская администрация,Атырауская область,Казахстан,Пн: 11:00-20:00; Вт: 11:00-20:00; Ср: 11:00-20:00; Чт: 11:00-20:00; Пт: 11:00-20:00; Сб: 11:00-20:00; Вс: 11:00-20:00,+05:00,,,87015010304,,,,,,,https://instagram.com/adf_decor,,,https://wa.me/77015010304,,,,,,47.11835,51.85484,https://2gis.com/firm/70000001078595239,branch
Master Mebel Atyrau,,Мебель для кухни; Мебельные фабрики,"улица Нариман Улкенбайулы, 23",,,Самал м-н,,Атырау,Атырау городская администрация,Атырауская область,Казахстан,,+05:00,5.0,7,,,,,,,,https://instagram.com/master_mebel_atyrau,,,https://wa.me/77022411191,,,,,,47.12205,51.865039,https://2gis.com/firm/70000001096323585,branch
Мебельный магазин,,Мебельные магазины; Мягкая мебель; Корпусная мебель; Мебель для кухни,"проспект Султана Бейбарыса, 45/44",2 этаж,,,,Атырау,Атырау городская администрация,Атырауская область,Казахстан,Пн: 09:00-19:00; Вт: 09:00-19:00; Ср: 09:00-19:00; Чт: 09:00-19:00; Пт: 09:00-19:00; Сб: 09:00-19:00,+05:00,5.0,3,87789237913,87756819208,,,,,,,,,https://wa.me/77789237913,https://wa.me/77756819208,,,,,47.124688,51.95751,https://2gis.com/firm/70000001038867790,branch
Tela,мебельная компания,Мебель для кухни; Офисная мебель,"Махамбета Утемисова улица, 100",5/2 офис; 2 этаж,,,,Атырау,Атырау городская администрация,Атырауская область,Казахстан,Пн: 09:00-19:00; Вт: 09:00-19:00; Ср: 09:00-19:00; Чт: 09:00-19:00; Пт: 09:00-19:00; Сб: 09:00-16:00,+05:00,,,87006196355,,,,,,,https://instagram.com/tela.kz,,,https://wa.me/77006196355,,,,,,47.113463,51.928857,https://2gis.com/firm/70000001093495762,branch
Ампир,мебельная фабрика,Мебель для кухни; Мебельные фабрики; Корпусная мебель; Офисная мебель,"улица Салтанат Балгымбаев, 50",,,,,Атырау,Атырау городская администрация,Атырауская область,Казахстан,Пн: 10:00-21:00; Вт: 10:00-21:00; Ср: 10:00-21:00; Чт: 10:00-21:00; Пт: 10:00-21:00; Сб: 10:00-21:00; Вс: 10:00-21:00,+05:00,,,87716002629,,,,,,,,,,https://wa.me/77716002629,,,,,,47.112449,51.915561,https://2gis.com/firm/70000001096427903,branch
Магазин мебели для кухни,,Мебельные магазины; Мебель для кухни,"проспект Султана Бейбарыса, 14Б",,,Привокзальный-3 м-н,,Атырау,Атырау городская администрация,Атырауская область,Казахстан,Пн: 10:00-18:30; Вт: 10:00-18:30; Ср: 10:00-18:30; Чт: 10:00-18:30; Пт: 10:00-18:30; Сб: 10:00-18:30; Вс: 10:00-18:30,+05:00,,,87122366225,,,,,,,,,,,,,,,,47.125035,51.952131,https://2gis.com/firm/70000001045189200,branch
Ангстрем,мебельный салон,Мебельные магазины; Мебель для кухни; Корпусная мебель,"улица Сырым Датова, 58",,,,,Атырау,Атырау городская администрация,Атырауская область,Казахстан,Пн: 10:00-19:00; Вт: 10:00-19:00; Ср: 10:00-19:00; Чт: 10:00-19:00; Пт: 10:00-19:00; Сб: 10:00-19:00; Вс: 10:00-19:00,+05:00,,,87759933624,,,,,,,,,,,,,,,,47.104841,51.945384,https://2gis.com/firm/70000001080394624,branch
Ikea,мебельный салон,Мебельные магазины; Мягкая мебель; Корпусная мебель; Посуда; Портьерные ткани / Шторы; Домашний текстиль; Матрасы; Мебельная фурнитура,"трасса Атырау-Доссор, 44",2 бутик; 1 этаж,,Береке м-н,,Атырау,Атырау городская администрация,Атырауская область,Казахстан,Пн: 10:00-20:00; Вт: 10:00-20:00; Ср: 10:00-20:00; Чт: 10:00-20:00; Пт: 10:00-20:00; Сб: 10:00-20:00; Вс: 10:00-20:00,+05:00,4.5,18,87020610895,87020610894,,,,,,https://instagram.com/idea_dom_atyrau,,,https://wa.me/77020610895,,,,,,47.143581,51.958392,https://2gis.com/firm/70000001080965990,branch
Askona,"фирменный салон матрасов, кроватей и товаров для сна",Мягкая мебель; Матрасы; Домашний текстиль,"проспект Каныша Сатпаева, 43а",2 этаж,,,,Атырау,Атырау городская администрация,Атырауская область,Казахстан,Пн: 10:00-22:00; Вт: 10:00-22:00; Ср: 10:00-22:00; Чт: 10:00-22:00; Пт: 10:00-22:00; Сб: 10:00-22:00; Вс: 10:00-22:00,+05:00,5.0,95,87715588976,,,,,http://askona.kz,,https://instagram.com/askona_official.kz,https://facebook.com/askona.kz,,https://wa.me/77715588976,,,,,,47.105417,51.882688,https://2gis.com/firm/70000001086797451,branch
Askona,"фирменный салон матрасов, кроватей и товаров для сна",Мягкая мебель; Матрасы; Кованые изделия; Домашний текстиль,"улица Курмангазы, 11",2 этаж,,Авангард-4 м-н,,Атырау,Атырау городская администрация,Атырауская область,Казахстан,Пн: 10:00-20:00; Вт: 10:00-20:00; Ср: 10:00-20:00; Чт: 10:00-20:00; Пт: 10:00-20:00; Сб: 10:00-20:00; Вс: 10:00-20:00,+05:00,4.9,106,87715531029,,,,,http://askona.kz,,https://instagram.com/askona_official.kz,https://facebook.com/askona.kz,,,,,,,,47.100215,51.879937,https://2gis.com/firm/70000001054386294,branch
Askona,"фирменный салон матрасов, кроватей и товаров для сна",Мягкая мебель; Матрасы; Кованые изделия; Домашний текстиль,"Муса Баймуханова улица, 66Б",,,,,Атырау,Атырау городская администрация,Атырауская область,Казахстан,Пн: 10:00-20:00; Вт: 10:00-20:00; Ср: 10:00-20:00; Чт: 10:00-20:00; Пт: 10:00-20:00; Сб: 10:00-20:00; Вс: 10:00-20:00,+05:00,5.0,50,87715047738,,,,,http://askona.kz,,https://instagram.com/askona_official.kz,https://facebook.com/askona.kz,,,,,,,,47.128501,51.957293,https://2gis.com/firm/70000001089377215,branch
Deco room,мебельный салон,Мебельные магазины; Корпусная мебель; Мягкая мебель; Матрасы; Детская мебель; Офисная мебель,"улица Сырым Датова, 62",,,,,Атырау,Атырау городская администрация,Атырауская область,Казахстан,Пн: 10:00-19:00; Вт: 10:00-19:00; Ср: 10:00-19:00; Чт: 10:00-19:00; Пт: 10:00-19:00; Сб: 10:00-19:00; Вс: 10:00-18:00,+05:00,3.6,9,87768181099,,,,,,,https://instagram.com/deco_room_mebel_atyrau_,,,https://wa.me/77768181099,,,,https://t.me/+77768181099,,47.107736,51.950317,https://2gis.com/firm/70000001037983419,branch
Центр матрасов Атырау,компания по продаже матрасов и кроватей,Корпусная мебель; Матрасы; Домашний текстиль; Кованые изделия; Ортопедические товары,"Муса Баймуханова улица, 61",64 бутик; 1 этаж,,Привокзальный-3а м-н,,Атырау,Атырау городская администрация,Атырауская область,Казахстан,Пн: 10:00-19:00; Вт: 10:00-19:00; Ср: 10:00-19:00; Чт: 10:00-19:00; Пт: 10:00-19:00; Сб: 10:00-19:00; Вс: 10:00-17:00,+05:00,,,7272,,,callcenter@centersna.kz,,http://centermatrasov.kz,,https://instagram.com/centermatrasov,,,https://wa.me/77088887272,,,,,,47.129939,51.950325,https://2gis.com/firm/70000001063099879,branch
Alkatur,компания по изготовлению мебели на заказ,Корпусная мебель,"проспект Азаттык, 151",2 этаж,,,,Атырау,Атырау городская администрация,Атырауская область,Казахстан,Пн: 00:00-24:00; Вт: 00:00-24:00; Ср: 00:00-24:00; Чт: 00:00-24:00; Пт: 00:00-24:00; Сб: 00:00-24:00; Вс: 00:00-24:00,+05:00,,,87015294729,,,,,,,https://instagram.com/alkatur_atyrau,,,https://wa.me/77015294729,,,,,,47.084882,51.904104,https://2gis.com/firm/70000001080861676,branch
Дом кроваток,магазин детских кроваток и мебели,Корпусная мебель; Детская мебель; Товары для новорождённых; Домашний текстиль; Матрасы,"Муса Баймуханова улица, 61",22а бутик; 1 этаж,,Привокзальный-3а м-н,,Атырау,Атырау городская администрация,Атырауская область,Казахстан,Пн: 10:00-18:00; Вт: 10:00-18:00; Ср: 10:00-18:00; Чт: 10:00-18:00; Пт: 10:00-18:00; Сб: 10:00-18:00; Вс: 10:00-18:00,+05:00,5.0,1,87752125677,87713524377,,,,,,https://instagram.com/domkrovatok_atyrau,,,https://wa.me/77752125677,https://wa.me/77713524377,,,,,47.129939,51.950325,https://2gis.com/firm/70000001075445020,branch
Sheberbay,организация по изготовлению казахских столов,Мебель на заказ; Мебель для кухни,"269-я улица, 61",,,СМП-224 м-н,,Кульсары,Жылыойский район,Атырауская область,Казахстан,Пн: 09:00-20:00; Вт: 09:00-20:00; Ср: 09:00-20:00; Чт: 09:00-20:00; Пт: 09:00-20:00; Сб: 09:00-20:00; Вс: 09:00-20:00,+05:00,5.0,4,87006007702,,,,,,,https://instagram.com/kulsary_zherstol,,,https://wa.me/77006007702,,,,,,46.964726,53.934855,https://2gis.com/firm/70000001080855163,branch
Grand Jihaz Qulsary,цех,Мебель на заказ; Мебель для кухни; Мебель для ванных комнат,,,,,,Кульсары,Жылыойский район,Атырауская область,Казахстан,"Пн: 09:00-12:00, 14:00-19:00; Вт: 09:00-12:00, 14:00-19:00; Ср: 09:00-12:00, 14:00-19:00; Чт: 09:00-12:00, 14:00-19:00; Пт: 09:00-12:00, 14:00-19:00; Сб: 09:00-12:00, 14:00-19:00; Вс: 09:00-12:00, 14:00-19:00",+05:00,,,87013448848,,,,,,,https://instagram.com/mebel.kulsary,,,,,,,,,46.966254,53.981766,https://2gis.com/firm/70000001097177605,branch
Dostyk,мебельный магазин,Мебель на заказ; Мебельные магазины; Мебель для кухни; Мебель для ванных комнат; Медицинская и лабораторная мебель; Офисная мебель; Детская мебель,"улица Сырым Датов, 58/1",,,Орталык м-н,,Кульсары,Жылыойский район,Атырауская область,Казахстан,"Пн: 09:00-12:30, 14:00-19:00; Вт: 09:00-12:30, 14:00-19:00; Ср: 09:00-12:30, 14:00-19:00; Чт: 09:00-12:30, 14:00-19:00; Пт: 09:00-12:30, 14:00-19:00",+05:00,,,87789091153,,,,,,,https://instagram.com/mebel.dostyk_kulsary,,,https://wa.me/77789091153,,,,,,46.959588,53.996625,https://2gis.com/firm/70000001076989842,branch
Дом мебели ,,Мебель на заказ; Мебель для кухни; Корпусная мебель,,,,Думан м-н,,Кульсары,Жылыойский район,Атырауская область,Казахстан,Пн: 10:00-19:00; Вт: 10:00-19:00; Ср: 10:00-19:00; Чт: 10:00-19:00; Пт: 10:00-19:00; Сб: 10:00-19:00,+05:00,,,87758409262,,,,,,,https://instagram.com/dom_mebeli_kulsary,,,https://wa.me/77758409262,,,,,,46.964873,54.012376,https://2gis.com/firm/70000001090506552,branch
Би-Жиһаз,мебельный салон,Мебельные магазины; Мягкая мебель; Корпусная мебель; Матрасы,"Муса Баймуханова улица, 61",23 бутик; 1 этаж,,Привокзальный-3а м-н,,Атырау,Атырау городская администрация,Атырауская область,Казахстан,Пн: 10:00-19:00; Вт: 10:00-19:00; Ср: 10:00-19:00; Чт: 10:00-19:00; Пт: 10:00-19:00; Сб: 10:00-19:00; Вс: 10:00-18:00,+05:00,5.0,1,87082337640,,,,,,,https://instagram.com/mebel_bizhihaz,,,https://wa.me/77082337640,,,,,,47.129939,51.950325,https://2gis.com/firm/70000001035677699,branch
Perrino,магазин матрасов и кроватей,Корпусная мебель; Матрасы,"улица Сырым Датова, 62",2 этаж,,,,Атырау,Атырау городская администрация,Атырауская область,Казахстан,Пн: 10:00-19:00; Вт: 10:00-19:00; Ср: 10:00-19:00; Чт: 10:00-19:00; Пт: 10:00-19:00; Сб: 10:00-19:00; Вс: 10:00-18:00,+05:00,5.0,2,87768181099,,,,,http://perrino.ru,,,,,https://wa.me/77768181099,,,,,,47.107736,51.950317,https://2gis.com/firm/70000001034618953,branch
Latun,интернет-магазин,Корпусная мебель; Декоративные отделочные элементы и материалы; Стекло / Зеркала,,,,,,Атырау,Атырау городская администрация,Атырауская область,Казахстан,Пн: 10:00-19:00; Вт: 10:00-19:00; Ср: 10:00-19:00; Чт: 10:00-19:00; Пт: 10:00-19:00; Сб: 10:00-19:00; Вс: 10:00-19:00,+05:00,,,87010339990,,,,,,,https://instagram.com/latun_west,,,https://wa.me/77010339990,,,,,,,,https://2gis.com/firm/70000001061834625,branch
Зинеден,центр заказа по реставрации мебели,Ремонт мебели,,,,,,Атырау,Атырау городская администрация,Атырауская область,Казахстан,Пн: 09:00-19:00; Вт: 09:00-19:00; Ср: 09:00-19:00; Чт: 09:00-19:00; Сб: 09:00-19:00; Вс: 09:00-19:00,+05:00,5.0,2,87020283946,,,,,,,,,,https://wa.me/77020283946,,,,,,,,https://2gis.com/firm/70000001041218450,branch
Жанар,мебельный магазин,Мебель для кухни; Ковры; Детская мебель; Мягкая мебель; Бытовая техника,"жилмассив Промзона, 58",,,Промышленная зона,,Кульсары,Жылыойский район,Атырауская область,Казахстан,"Пн: 09:30-12:30, 14:30-18:30; Вт: 09:30-12:30, 14:30-18:30; Ср: 09:30-12:30, 14:30-18:30; Чт: 09:30-12:30, 14:30-18:30; Пт: 09:30-12:30, 14:30-18:30; Сб: 09:30-12:30, 14:30-18:30; Вс: 09:30-12:30, 14:30-18:30",+05:00,,,87016240455,87017515121,,,,,,https://instagram.com/janar_jihaz,,,https://wa.me/77016240455,https://wa.me/77017515121,,,,,46.946629,53.984706,https://2gis.com/firm/70000001076396947,branch
